UsedAIPreviously,ChatGPT,Dalle,ChatSonic,Claude,Bard.AI,LaMDA,Jasper.chat,Socratic,Bing.AI,Other,HowManyTimesUsedLastMonth,AIReliableInfo,AICreateUsefulThings,AIProvidesAccurateInfo,AIEasyToUse,AIEnjoyableToUse,IFearOthersUseofAI,AIWillChangeMyLife,FriendsUseAIPersonalLives,FriendsUseAIStudyLives,IUseAIToSupportStudies,AIIsValuableToMe,AIComplexToUse,AIHelpsMeLearn,LecturersUseAISupportTeaching,IUseAIToPlanWork,IUseAIToHelpMeCreateWork,AISystemsWontHelpMeStudy,UniShouldBeAwareHowAIUsed,EasyToCheatWithAI,EasyCatchAICheats,AISystemsGaveMeInaccurateinfo,UniShouldShowMeHowToUseAI,AISystemsWillDevelopSafely,GovernmentsMustDoMoreToProtectFromAI,AISystemsWillBecomeSentient,AISystemsPoseNoDangerToUs,Gender,QualificationStudied,Year,Region
Yes,1,1,0,0,0,0,0,0,0,0,0,Strongly disagree,Neither agree/disagree,Strongly disagree,Strongly agree,Agree,Strongly agree,Agree,Agree,Strongly disagree,Disagree,Neither agree/disagree,Disagree,Strongly disagree,Disagree,Strongly disagree,Strongly disagree,NA,Strongly agree,Agree,Agree,Strongly agree,Strongly agree,Disagree,Strongly agree,Strongly disagree,Strongly disagree,Prefer not to say,"Undergraduate degree or equivalent (BSc, BA etc.)",2004,United Kingdom
Yes,1,0,0,0,0,0,0,0,0,0,0,Agree,Strongly agree,Neither agree/disagree,Agree,Agree,Disagree,Strongly agree,Strongly agree,Strongly agree,Strongly agree,Agree,Strongly disagree,Strongly agree,Strongly disagree,Strongly agree,Agree,Strongly disagree,Strongly agree,Strongly disagree,Strongly disagree,NA,Strongly agree,Agree,Agree,Neither agree/disagree,Neither agree/disagree,Male,"Postgraduate masters degree or equivalent (MSc, MA, etc.)",2000,Asia
Yes,0,1,0,0,0,0,0,0,0,0,2,Neither agree/disagree,Strongly disagree,Disagree,Agree,Agree,Neither agree/disagree,Disagree,Agree,Neither agree/disagree,Agree,Disagree,Neither agree/disagree,Strongly disagree,NA,Strongly disagree,NA,Agree,Strongly agree,Agree,Agree,Agree,Disagree,Neither agree/disagree,Agree,Neither agree/disagree,Disagree,,"Undergraduate degree or equivalent (BSc, BA etc.)",2003,United Kingdom
Yes,1,0,0,0,1,0,0,0,0,0,2,Neither agree/disagree,Agree,Neither agree/disagree,Agree,Strongly agree,Disagree,Strongly agree,Neither agree/disagree,Disagree,Agree,Disagree,Strongly disagree,Disagree,NA,Disagree,Disagree,Disagree,Strongly agree,Strongly agree,NA,Strongly agree,Agree,Disagree,Strongly agree,Neither agree/disagree,Strongly disagree,Male,"Undergraduate degree or equivalent (BSc, BA etc.)",2004,United Kingdom
Yes,1,1,0,0,1,0,0,0,0,0,0,Disagree,Agree,Disagree,Strongly agree,Strongly agree,Neither agree/disagree,Agree,Neither agree/disagree,Agree,Disagree,Neither agree/disagree,Disagree,Disagree,Strongly disagree,Disagree,NA,Agree,Agree,Agree,Disagree,Agree,Agree,Agree,Neither agree/disagree,Disagree,Neither agree/disagree,Male,"Undergraduate degree or equivalent (BSc, BA etc.)",2004,United Kingdom
No,1,0,0,0,0,0,0,0,0,0,2,Disagree,Disagree,Neither agree/disagree,Agree,Strongly agree,Strongly agree,Strongly agree,Strongly agree,Neither agree/disagree,Strongly disagree,Strongly disagree,Strongly disagree,Strongly disagree,Strongly disagree,Strongly disagree,Strongly disagree,Agree,Strongly agree,Agree,Agree,NA,Strongly disagree,Disagree,Agree,Agree,Neither agree/disagree,Male,"Undergraduate degree or equivalent (BSc, BA etc.)",2003,United Kingdom
Yes,1,0,0,0,0,0,0,0,0,0,10,Agree,Agree,Agree,Strongly agree,Strongly agree,Agree,Neither agree/disagree,Disagree,Neither agree/disagree,Neither agree/disagree,Neither agree/disagree,Strongly disagree,Agree,Agree,Agree,Agree,Strongly disagree,Agree,NA,NA,Disagree,Agree,Agree,Agree,Disagree,Strongly disagree,Male,"Undergraduate degree or equivalent (BSc, BA etc.)",2002,United Kingdom
No,0,0,0,0,0,0,0,0,0,0,0,Disagree,Disagree,Strongly disagree,Strongly agree,Neither agree/disagree,Agree,Strongly agree,Disagree,Agree,Disagree,Agree,Strongly disagree,Disagree,Disagree,Disagree,Strongly disagree,NA,Agree,Disagree,NA,Agree,NA,Agree,Agree,Strongly disagree,Disagree,Male,"Undergraduate degree or equivalent (BSc, BA etc.)",2004,United Kingdom
Yes,0,0,0,0,0,0,0,0,0,0,0,Strongly disagree,Strongly disagree,Strongly disagree,Disagree,Agree,Neither agree/disagree,Disagree,Strongly disagree,Strongly disagree,Strongly disagree,Disagree,Strongly agree,Strongly disagree,Strongly disagree,Strongly disagree,Strongly disagree,NA,Strongly agree,NA,NA,Agree,Disagree,Agree,Strongly agree,Strongly disagree,Agree,Male,"A-level, level 3 or equivalent",,United Kingdom
Yes,1,1,0,0,1,0,0,0,0,0,3,Disagree,Neither agree/disagree,Disagree,Agree,Agree,Agree,Agree,Neither agree/disagree,Disagree,Strongly disagree,Neither agree/disagree,Disagree,NA,Disagree,Strongly disagree,Strongly disagree,NA,Strongly agree,Disagree,Agree,Agree,Agree,Disagree,Strongly agree,Neither agree/disagree,Disagree,Female,"Undergraduate degree or equivalent (BSc, BA etc.)",1996,United Kingdom
Yes,1,1,0,0,0,0,0,0,1,1,20,Neither agree/disagree,Strongly agree,Disagree,Agree,Strongly agree,Agree,Strongly agree,Agree,Neither agree/disagree,Disagree,Neither agree/disagree,Disagree,Agree,NA,Strongly disagree,Agree,NA,Agree,Agree,NA,Strongly agree,NA,Disagree,Neither agree/disagree,Neither agree/disagree,Disagree,Male,"A-level, level 3 or equivalent",2004,United Kingdom
Yes,0,0,0,0,0,0,0,0,0,0,3,Neither agree/disagree,Disagree,Neither agree/disagree,Agree,Agree,Strongly agree,Agree,Disagree,Neither agree/disagree,Strongly disagree,Disagree,Neither agree/disagree,NA,NA,NA,Disagree,Agree,Strongly agree,Agree,Disagree,NA,Disagree,Neither agree/disagree,Neither agree/disagree,Disagree,Strongly disagree,Female,"Undergraduate degree or equivalent (BSc, BA etc.)",2003,United Kingdom
Yes,1,0,0,0,0,0,0,0,0,0,3,Neither agree/disagree,Neither agree/disagree,Neither agree/disagree,Agree,Neither agree/disagree,Agree,Disagree,Agree,Strongly agree,Disagree,Disagree,Disagree,Agree,Disagree,Disagree,Disagree,Disagree,Agree,Agree,Agree,NA,NA,Disagree,Neither agree/disagree,Neither agree/disagree,Strongly disagree,Female,"Undergraduate degree or equivalent (BSc, BA etc.)",2003,United Kingdom
Yes,1,0,0,0,0,0,0,0,0,0,10,Agree,Agree,Neither agree/disagree,Agree,Agree,Agree,Agree,Neither agree/disagree,Strongly agree,Agree,Agree,Agree,Agree,Disagree,Disagree,NA,Disagree,Agree,NA,Agree,Agree,NA,Neither agree/disagree,Neither agree/disagree,Neither agree/disagree,Neither agree/disagree,Female,"Undergraduate degree or equivalent (BSc, BA etc.)",2004,United Kingdom
No,0,0,0,0,0,0,0,0,0,0,0,Disagree,Neither agree/disagree,Disagree,Neither agree/disagree,Neither agree/disagree,Agree,Agree,Neither agree/disagree,Neither agree/disagree,Disagree,Disagree,Neither agree/disagree,Disagree,Disagree,Disagree,Disagree,NA,Agree,Agree,Strongly disagree,NA,Agree,Disagree,Agree,Agree,Disagree,Female,"Undergraduate degree or equivalent (BSc, BA etc.)",2002,United Kingdom
No,0,0,0,0,0,0,0,0,0,0,0,Disagree,Neither agree/disagree,Disagree,Neither agree/disagree,Neither agree/disagree,Agree,Agree,Neither agree/disagree,Neither agree/disagree,Neither agree/disagree,Neither agree/disagree,Neither agree/disagree,Strongly disagree,NA,Strongly disagree,Strongly disagree,Disagree,Agree,Strongly agree,NA,Strongly agree,Agree,Agree,Agree,Neither agree/disagree,Neither agree/disagree,Male,"Undergraduate degree or equivalent (BSc, BA etc.)",2002,United Kingdom
Yes,1,0,0,0,0,0,0,0,0,1,10,Strongly agree,Strongly agree,Strongly agree,Strongly agree,Disagree,Neither agree/disagree,Neither agree/disagree,Strongly agree,Strongly agree,Strongly agree,Disagree,Neither agree/disagree,Strongly agree,Agree,NA,Strongly agree,Strongly disagree,Strongly agree,NA,NA,NA,Agree,Agree,Neither agree/disagree,Neither agree/disagree,Neither agree/disagree,Female,"A-level, level 3 or equivalent",2007,United Kingdom
Yes,1,0,0,0,0,0,0,0,0,0,3,Agree,Neither agree/disagree,Agree,Agree,Agree,Agree,Strongly agree,Neither agree/disagree,Neither agree/disagree,Agree,Agree,Disagree,Agree,NA,NA,Disagree,Disagree,Agree,Agree,Disagree,Strongly agree,Strongly agree,Neither agree/disagree,Agree,Agree,Neither agree/disagree,Male,"Undergraduate degree or equivalent (BSc, BA etc.)",1979,European Union
Yes,1,0,0,1,0,0,1,0,0,0,3,Agree,Neither agree/disagree,Agree,Strongly agree,Strongly agree,Disagree,Neither agree/disagree,Disagree,Disagree,Strongly disagree,Neither agree/disagree,Disagree,Agree,NA,Disagree,Disagree,NA,NA,Disagree,Agree,NA,NA,Agree,Neither agree/disagree,Strongly agree,Disagree,Male,"Undergraduate degree or equivalent (BSc, BA etc.)",2003,United Kingdom
Yes,1,0,0,0,0,0,0,0,1,0,5,Strongly agree,Strongly agree,Agree,Strongly agree,Strongly agree,Agree,Agree,Strongly agree,Strongly agree,Strongly agree,Strongly agree,Strongly disagree,Strongly agree,Agree,Agree,Agree,Strongly disagree,Strongly agree,Agree,Agree,Agree,Strongly agree,Agree,Strongly agree,Disagree,Neither agree/disagree,Female,BTEC HNC or equivalent,2002,European Union
Yes,1,1,0,0,1,0,1,0,1,1,8,Neither agree/disagree,Strongly agree,Disagree,Strongly agree,Agree,Agree,Neither agree/disagree,Neither agree/disagree,Neither agree/disagree,Strongly agree,Agree,Strongly disagree,NA,NA,Strongly agree,Agree,Disagree,Agree,Disagree,Disagree,Strongly agree,Strongly agree,Neither agree/disagree,Neither agree/disagree,Agree,Disagree,Male,"Undergraduate degree or equivalent (BSc, BA etc.)",2003,United Kingdom
Yes,1,0,0,0,0,0,0,0,1,0,0,Disagree,Agree,Disagree,Agree,Agree,Disagree,Neither agree/disagree,Neither agree/disagree,Agree,Agree,Agree,Disagree,Agree,NA,Disagree,Agree,Disagree,Agree,Agree,Disagree,Strongly agree,NA,Disagree,Agree,Disagree,Disagree,Male,"Postgraduate masters degree or equivalent (MSc, MA, etc.)",1977,European Union
Yes,1,0,0,0,0,0,0,0,0,0,0,Strongly agree,Agree,Neither agree/disagree,Strongly agree,Strongly agree,Strongly agree,Neither agree/disagree,Strongly agree,Strongly agree,Neither agree/disagree,Agree,Strongly disagree,Agree,Agree,NA,NA,Disagree,Strongly agree,Strongly agree,Strongly agree,Strongly agree,NA,Agree,Disagree,Agree,Neither agree/disagree,Male,High school,2007,European Union
Yes,1,0,0,0,0,0,0,0,0,0,3,Strongly agree,Strongly agree,Agree,Strongly agree,Strongly agree,Agree,Neither agree/disagree,Agree,Strongly agree,Agree,Agree,Neither agree/disagree,Strongly agree,NA,NA,Agree,Disagree,Strongly agree,Strongly agree,NA,Disagree,Strongly agree,Strongly agree,Neither agree/disagree,Neither agree/disagree,Neither agree/disagree,Female,"A-level, level 3 or equivalent",2007,United Kingdom
Yes,1,0,0,0,0,0,0,0,0,0,1,Strongly agree,Agree,Agree,Agree,Agree,Neither agree/disagree,Neither agree/disagree,Agree,Agree,Neither agree/disagree,Neither agree/disagree,Strongly disagree,NA,NA,NA,NA,NA,Agree,Agree,Strongly agree,Agree,Agree,Agree,Disagree,Disagree,Neither agree/disagree,Female,"Postgraduate masters degree or equivalent (MSc, MA, etc.)",1995,Other
Yes,1,0,1,0,1,0,0,0,0,0,3,Agree,Agree,Agree,Agree,Agree,Agree,Disagree,Disagree,NA,Neither agree/disagree,Neither agree/disagree,Neither agree/disagree,NA,NA,NA,NA,NA,NA,NA,Agree,NA,NA,Disagree,Neither agree/disagree,Neither agree/disagree,Neither agree/disagree,Female,"A-level, level 3 or equivalent",NA,European Union
Yes,1,0,0,0,0,0,0,0,1,0,15,Agree,Strongly agree,Agree,Strongly agree,Agree,Neither agree/disagree,Neither agree/disagree,Strongly agree,Strongly agree,Strongly agree,Agree,Strongly disagree,Strongly agree,NA,Strongly agree,Strongly agree,Strongly disagree,Strongly agree,Strongly agree,Strongly agree,Agree,Strongly agree,Strongly agree,Strongly agree,Neither agree/disagree,Neither agree/disagree,Male,"Postgraduate masters degree or equivalent (MSc, MA, etc.)",1996,Africa
Yes,1,0,0,0,1,0,0,0,1,0,20,Agree,Neither agree/disagree,Strongly agree,Strongly agree,Strongly agree,Disagree,Agree,Neither agree/disagree,Neither agree/disagree,Strongly agree,Agree,Strongly disagree,Strongly agree,Strongly disagree,Disagree,Disagree,Strongly disagree,NA,Strongly agree,NA,Disagree,Strongly agree,Neither agree/disagree,Neither agree/disagree,Neither agree/disagree,Disagree,Male,"Undergraduate degree or equivalent (BSc, BA etc.)",1996,Isle of Man
Yes,1,0,0,0,0,0,0,0,0,0,4,Neither agree/disagree,Agree,Disagree,Strongly agree,Agree,Neither agree/disagree,Agree,Strongly agree,Strongly agree,Agree,Neither agree/disagree,Disagree,NA,Disagree,Disagree,Disagree,Disagree,Agree,Disagree,Strongly agree,Strongly agree,Strongly agree,Neither agree/disagree,Agree,Agree,Disagree,Male,"Undergraduate degree or equivalent (BSc, BA etc.)",2002,Isle of Man
Yes,1,0,0,0,0,0,0,0,0,0,0,Agree,Agree,Neither agree/disagree,Strongly agree,Strongly agree,Strongly agree,Agree,Agree,Agree,Strongly agree,Agree,Strongly disagree,Strongly agree,Agree,Disagree,Disagree,Disagree,Agree,Strongly agree,Agree,Agree,NA,Strongly disagree,Strongly agree,Neither agree/disagree,Strongly disagree,Male,"Undergraduate degree or equivalent (BSc, BA etc.)",1997,Isle of Man
Yes,1,1,0,0,0,0,0,0,0,0,5,Agree,Disagree,Neither agree/disagree,Strongly agree,Agree,Agree,Agree,Agree,Agree,Agree,Agree,Disagree,Agree,NA,Agree,Disagree,Disagree,Strongly agree,Strongly agree,Disagree,Strongly agree,Agree,Neither agree/disagree,Agree,Strongly disagree,Neither agree/disagree,Male,"A-level, level 3 or equivalent",1991,Isle of Man
Yes,1,0,0,0,0,0,0,0,1,0,3,Neither agree/disagree,Agree,Disagree,Neither agree/disagree,Disagree,Agree,Disagree,Agree,Agree,Disagree,Disagree,Disagree,Disagree,NA,Strongly disagree,Strongly disagree,NA,Agree,Strongly agree,Disagree,Disagree,Disagree,Disagree,Strongly agree,Neither agree/disagree,Disagree,Male,"GCSE, level 2 or equivalent",1996,Isle of Man
Yes,1,0,0,0,0,0,0,0,0,0,4,Agree,Disagree,Neither agree/disagree,Agree,Neither agree/disagree,Agree,Agree,Neither agree/disagree,Strongly agree,Agree,Agree,Disagree,Agree,NA,Disagree,NA,Disagree,Agree,Agree,Agree,Agree,Strongly agree,Neither agree/disagree,Strongly agree,Neither agree/disagree,Neither agree/disagree,Male,"Undergraduate degree or equivalent (BSc, BA etc.)",1995,Isle of Man
Yes,1,0,0,0,0,0,0,0,0,1,31,Neither agree/disagree,Strongly agree,Disagree,Agree,Agree,Agree,Agree,Agree,Agree,Agree,Agree,Strongly disagree,Agree,Disagree,Agree,Agree,Strongly disagree,Agree,NA,Disagree,Agree,NA,Agree,Agree,Neither agree/disagree,Disagree,Male,"Undergraduate degree or equivalent (BSc, BA etc.)",2002,Isle of Man
Yes,1,0,0,0,0,0,0,0,0,0,2,Agree,Strongly agree,Neither agree/disagree,Agree,Agree,Agree,Neither agree/disagree,Neither agree/disagree,Neither agree/disagree,Neither agree/disagree,Neither agree/disagree,Strongly disagree,Agree,NA,Agree,NA,Disagree,Agree,NA,NA,Strongly agree,Disagree,Disagree,Agree,Disagree,Neither agree/disagree,Female,"Undergraduate degree or equivalent (BSc, BA etc.)",2003,Isle of Man
Yes,1,1,0,0,0,0,0,0,0,0,20,Disagree,Agree,Strongly disagree,Agree,Strongly agree,Disagree,Strongly disagree,Neither agree/disagree,Disagree,Disagree,Neither agree/disagree,Strongly disagree,Strongly agree,Disagree,Agree,Agree,Strongly agree,Strongly agree,NA,NA,Strongly agree,Disagree,Agree,Strongly disagree,Strongly disagree,Strongly agree,Male,"Undergraduate degree or equivalent (BSc, BA etc.)",2004,Isle of Man
Yes,1,0,0,0,0,0,0,0,1,0,7,Strongly agree,Strongly agree,Agree,Agree,Strongly agree,Agree,Strongly agree,Strongly agree,Strongly agree,Agree,Agree,Disagree,Strongly agree,NA,Agree,Agree,Strongly disagree,Strongly agree,Strongly agree,Disagree,Agree,Strongly agree,Neither agree/disagree,Agree,Neither agree/disagree,Strongly disagree,Male,"Undergraduate degree or equivalent (BSc, BA etc.)",,Isle of Man
Yes,0,0,0,0,1,0,0,1,1,0,2,Agree,Agree,Neither agree/disagree,Strongly agree,Agree,Strongly disagree,Strongly agree,Agree,Neither agree/disagree,Disagree,Neither agree/disagree,Agree,Disagree,Strongly disagree,Strongly disagree,Disagree,Disagree,NA,NA,Agree,Agree,Strongly disagree,Agree,Disagree,Neither agree/disagree,Neither agree/disagree,Male,"Undergraduate degree or equivalent (BSc, BA etc.)",,Isle of Man
Yes,1,0,0,0,0,0,0,0,0,0,0,Disagree,Disagree,Strongly disagree,Strongly agree,Agree,Agree,Disagree,Agree,Disagree,Strongly disagree,Disagree,Disagree,Strongly disagree,Strongly disagree,Strongly disagree,Strongly disagree,Agree,Agree,Agree,Agree,Disagree,Agree,Disagree,Neither agree/disagree,Neither agree/disagree,Disagree,Female,"Undergraduate degree or equivalent (BSc, BA etc.)",,Isle of Man
Yes,1,0,0,0,0,0,0,0,0,0,3,Neither agree/disagree,Agree,Agree,Agree,Agree,Agree,Neither agree/disagree,Disagree,Agree,Agree,Agree,Neither agree/disagree,Agree,NA,Disagree,Disagree,Disagree,Agree,NA,NA,Agree,Agree,Neither agree/disagree,Neither agree/disagree,Disagree,Neither agree/disagree,Female,"Undergraduate degree or equivalent (BSc, BA etc.)",2003,Americas
Yes,1,0,0,0,0,0,0,0,0,0,30,Neither agree/disagree,Agree,Disagree,Agree,Agree,Neither agree/disagree,Disagree,Neither agree/disagree,Neither agree/disagree,Neither agree/disagree,Neither agree/disagree,Strongly disagree,Agree,Disagree,Disagree,Agree,Disagree,Agree,Agree,NA,Strongly agree,Disagree,Disagree,Disagree,Neither agree/disagree,Disagree,Male,"Undergraduate degree or equivalent (BSc, BA etc.)",2002,Americas
Yes,1,0,0,0,0,0,0,0,0,0,6,Agree,Agree,Agree,Agree,Neither agree/disagree,Neither agree/disagree,Neither agree/disagree,Agree,Agree,Strongly agree,Neither agree/disagree,Neither agree/disagree,Agree,NA,NA,NA,Disagree,Strongly agree,Strongly agree,NA,Agree,NA,Strongly disagree,Strongly agree,Agree,Strongly disagree,Female,"Postgraduate masters degree or equivalent (MSc, MA, etc.)",1997,Asia
Yes,1,0,0,0,0,0,0,0,0,0,4,Disagree,Agree,Disagree,Agree,Agree,Neither agree/disagree,Strongly agree,Agree,Disagree,Neither agree/disagree,Neither agree/disagree,Disagree,Agree,Disagree,Disagree,Disagree,Disagree,Agree,NA,NA,Strongly agree,Strongly disagree,Neither agree/disagree,Neither agree/disagree,Disagree,Disagree,Male,"Undergraduate degree or equivalent (BSc, BA etc.)",2003,Americas
Yes,1,0,0,0,0,0,0,0,0,0,0,Neither agree/disagree,Strongly agree,Disagree,Agree,Agree,Strongly agree,Neither agree/disagree,Disagree,Agree,Agree,Agree,Disagree,Strongly agree,NA,Strongly agree,Disagree,Disagree,Strongly agree,Disagree,Agree,Strongly agree,Agree,Disagree,Neither agree/disagree,Neither agree/disagree,Strongly disagree,Female,"Undergraduate degree or equivalent (BSc, BA etc.)",2003,Americas
Yes,1,0,0,1,0,0,0,0,1,0,15,Neither agree/disagree,Strongly agree,Neither agree/disagree,Strongly agree,Strongly agree,Strongly agree,Strongly agree,Strongly agree,Strongly agree,Strongly agree,Strongly agree,Strongly disagree,Strongly agree,Strongly agree,Strongly agree,Strongly agree,Strongly agree,Strongly agree,Strongly agree,Strongly agree,Strongly agree,Strongly agree,Strongly agree,Strongly agree,Strongly agree,Strongly agree,Male,"Postgraduate masters degree or equivalent (MSc, MA, etc.)",1995,Asia
No,0,0,0,0,0,0,0,0,0,0,0,Neither agree/disagree,Disagree,Disagree,Neither agree/disagree,Disagree,Strongly agree,Neither agree/disagree,Neither agree/disagree,Agree,Disagree,Disagree,Neither agree/disagree,Disagree,Disagree,Disagree,Disagree,NA,NA,NA,NA,NA,NA,Neither agree/disagree,Agree,Neither agree/disagree,Disagree,Female,Not studying right now,2003,Asia
Yes,1,0,0,0,0,0,0,0,0,0,1,Neither agree/disagree,Agree,Disagree,Agree,Agree,Strongly disagree,Strongly agree,Neither agree/disagree,Agree,Agree,Agree,Strongly disagree,Disagree,Disagree,Strongly disagree,Agree,Strongly disagree,Strongly agree,Strongly agree,NA,Agree,Agree,Neither agree/disagree,Agree,Disagree,Disagree,Male,"Undergraduate degree or equivalent (BSc, BA etc.)",2005,European Union
Yes,1,0,0,0,1,0,0,0,0,0,1,Neither agree/disagree,Agree,Disagree,Strongly agree,Agree,Neither agree/disagree,Disagree,Agree,Disagree,Disagree,Neither agree/disagree,Strongly disagree,Strongly disagree,NA,Agree,Disagree,Agree,Agree,Agree,Disagree,NA,Agree,Agree,Disagree,Neither agree/disagree,Neither agree/disagree,Female,"Undergraduate degree or equivalent (BSc, BA etc.)",2004,United Kingdom
Yes,1,0,0,0,0,0,0,0,0,0,1,Agree,Agree,Neither agree/disagree,Agree,Neither agree/disagree,Agree,Agree,Agree,NA,Neither agree/disagree,Agree,Neither agree/disagree,Disagree,Disagree,Disagree,NA,Disagree,NA,Disagree,Disagree,NA,Disagree,Neither agree/disagree,Disagree,Neither agree/disagree,Neither agree/disagree,Female,"Undergraduate degree or equivalent (BSc, BA etc.)",2005,United Kingdom
Yes,1,0,0,0,0,0,0,0,0,0,10,Agree,Neither agree/disagree,Agree,Strongly agree,Neither agree/disagree,Strongly disagree,Strongly disagree,Agree,Strongly agree,Strongly agree,Agree,Strongly disagree,Agree,NA,Agree,Agree,Disagree,Agree,Agree,Agree,Agree,Agree,Strongly agree,Neither agree/disagree,Agree,Neither agree/disagree,Female,"Undergraduate degree or equivalent (BSc, BA etc.)",2005,United Kingdom
No,0,0,0,0,0,0,0,0,0,0,0,Neither agree/disagree,Strongly disagree,Neither agree/disagree,Agree,Neither agree/disagree,Agree,Agree,Neither agree/disagree,Strongly agree,Strongly disagree,Strongly disagree,Disagree,Strongly disagree,NA,Strongly disagree,Strongly disagree,NA,Strongly agree,Agree,NA,NA,Agree,Neither agree/disagree,Agree,Neither agree/disagree,Strongly disagree,Female,"A-level, level 3 or equivalent",,United Kingdom
Yes,1,0,0,0,0,0,0,0,0,0,1,Neither agree/disagree,Agree,Agree,Agree,Neither agree/disagree,Neither agree/disagree,Neither agree/disagree,Agree,Neither agree/disagree,Neither agree/disagree,Neither agree/disagree,Disagree,NA,NA,Agree,NA,Disagree,Agree,Agree,Disagree,NA,NA,Neither agree/disagree,Neither agree/disagree,Disagree,Neither agree/disagree,Male,BTEC HNC or equivalent,2005,United Kingdom
Yes,1,0,0,0,0,0,0,0,0,0,1,Neither agree/disagree,Agree,Disagree,Agree,Neither agree/disagree,Disagree,Agree,Agree,Agree,Neither agree/disagree,Neither agree/disagree,Disagree,Disagree,NA,Agree,NA,Disagree,Agree,Strongly agree,Disagree,NA,Agree,Disagree,Agree,Neither agree/disagree,Disagree,Female,"A-level, level 3 or equivalent",2004,United Kingdom
Yes,1,1,0,0,0,0,0,0,0,0,6,Agree,Strongly agree,Agree,Agree,Strongly agree,Strongly disagree,Disagree,Agree,Agree,Agree,Agree,Neither agree/disagree,Agree,Agree,Agree,Agree,Agree,Strongly agree,Disagree,NA,Strongly disagree,NA,Agree,Agree,Strongly agree,Neither agree/disagree,Female,"Undergraduate degree or equivalent (BSc, BA etc.)",1997,United Kingdom
Yes,1,0,0,0,1,0,0,0,0,0,2,Agree,Agree,Agree,Strongly agree,Agree,Disagree,Disagree,Neither agree/disagree,Agree,Neither agree/disagree,Neither agree/disagree,Strongly disagree,Disagree,NA,Agree,Disagree,Agree,Agree,Agree,Disagree,Disagree,Strongly agree,Agree,Disagree,Neither agree/disagree,Neither agree/disagree,Female,"Undergraduate degree or equivalent (BSc, BA etc.)",2004,United Kingdom
Yes,1,0,0,0,0,0,0,0,0,0,2,Neither agree/disagree,Disagree,Disagree,Neither agree/disagree,Neither agree/disagree,Agree,Agree,Agree,Neither agree/disagree,Disagree,Strongly disagree,Disagree,Strongly disagree,Agree,Disagree,Disagree,NA,NA,Agree,Agree,NA,NA,Disagree,Strongly agree,Disagree,Strongly disagree,Female,"A-level, level 3 or equivalent",2005,United Kingdom
Yes,1,0,0,0,1,0,0,0,0,0,2,Agree,Agree,Agree,Strongly agree,Neither agree/disagree,Disagree,Disagree,Neither agree/disagree,Neither agree/disagree,Disagree,Disagree,Strongly disagree,Disagree,NA,Agree,Disagree,NA,Agree,Agree,Disagree,NA,Agree,Agree,Disagree,Neither agree/disagree,Agree,Female,"Undergraduate degree or equivalent (BSc, BA etc.)",2004,United Kingdom
Yes,1,0,0,0,0,0,0,1,1,0,6,Neither agree/disagree,Disagree,Disagree,Neither agree/disagree,Agree,Agree,Disagree,Agree,Strongly agree,Strongly agree,Agree,Disagree,Agree,Disagree,Disagree,Disagree,Disagree,Agree,NA,NA,Strongly agree,Agree,Neither agree/disagree,Agree,Disagree,Disagree,Female,"Undergraduate degree or equivalent (BSc, BA etc.)",2004,Americas
Yes,1,0,0,0,0,0,0,0,0,0,0,Disagree,Disagree,Disagree,Agree,Neither agree/disagree,Strongly agree,Disagree,Disagree,Disagree,Disagree,Disagree,Disagree,Disagree,Disagree,Agree,Disagree,Agree,Strongly agree,Strongly agree,Agree,Strongly agree,Agree,Disagree,Agree,Agree,Strongly disagree,Female,"Undergraduate degree or equivalent (BSc, BA etc.)",2004,Asia
Yes,1,0,0,0,0,0,0,0,0,0,0,Strongly agree,Agree,Agree,Agree,Agree,Strongly agree,Agree,Agree,Agree,Agree,Agree,Agree,Agree,NA,Agree,Agree,Disagree,NA,Disagree,Strongly agree,Disagree,Agree,Agree,Neither agree/disagree,Agree,Agree,Male,"Postgraduate masters degree or equivalent (MSc, MA, etc.)",1986,United Kingdom
Yes,1,0,0,0,0,0,0,0,0,0,20,Strongly agree,Strongly agree,Strongly agree,Strongly agree,Strongly agree,Strongly disagree,Disagree,Strongly agree,Strongly agree,Strongly agree,Neither agree/disagree,Strongly disagree,Strongly agree,Strongly agree,Strongly agree,Strongly agree,Strongly disagree,NA,Strongly agree,NA,Agree,Strongly disagree,Strongly agree,Strongly disagree,Strongly agree,Strongly agree,Female,,2004,Asia
Yes,1,0,0,0,1,0,0,0,0,0,30,Agree,Strongly agree,Neither agree/disagree,Strongly agree,Strongly agree,Strongly disagree,Disagree,Strongly agree,Strongly agree,Agree,Agree,Strongly disagree,Strongly agree,NA,Strongly agree,Strongly agree,Strongly disagree,Agree,Agree,Agree,Agree,Agree,Agree,Agree,Strongly disagree,Strongly agree,Male,"Undergraduate degree or equivalent (BSc, BA etc.)",2003,United Kingdom
Yes,1,0,0,0,1,0,0,0,0,0,5,Agree,Agree,Disagree,Agree,Neither agree/disagree,Neither agree/disagree,Neither agree/disagree,Agree,Strongly agree,Agree,Neither agree/disagree,Disagree,Agree,NA,NA,NA,NA,Agree,Strongly agree,Disagree,Agree,Agree,Disagree,Agree,Neither agree/disagree,Strongly disagree,Female,"Undergraduate degree or equivalent (BSc, BA etc.)",2004,Africa
Yes,1,0,0,0,0,0,0,0,0,0,1,Agree,Neither agree/disagree,Disagree,Strongly agree,Agree,Strongly agree,Strongly agree,Strongly agree,Strongly agree,Neither agree/disagree,Strongly agree,Strongly disagree,Agree,Agree,Agree,NA,NA,Agree,NA,Strongly agree,Agree,Strongly agree,Neither agree/disagree,Strongly agree,Agree,Disagree,Female,"Undergraduate degree or equivalent (BSc, BA etc.)",,United Kingdom
Yes,1,0,0,0,0,0,0,0,0,0,2,Agree,Strongly agree,Neither agree/disagree,Strongly agree,Strongly agree,Strongly agree,Strongly agree,Strongly agree,Strongly agree,Neither agree/disagree,Agree,Strongly disagree,Agree,Agree,Strongly agree,NA,Disagree,Strongly agree,NA,Strongly agree,Strongly agree,Strongly agree,Agree,Strongly agree,Disagree,Strongly disagree,Female,"Undergraduate degree or equivalent (BSc, BA etc.)",2003,United Kingdom
No,0,0,0,0,0,0,0,0,0,0,0,Neither agree/disagree,Neither agree/disagree,Neither agree/disagree,Agree,Agree,Strongly agree,Disagree,Disagree,Agree,Disagree,Disagree,Disagree,NA,Disagree,Disagree,Disagree,Disagree,Disagree,Disagree,Disagree,Disagree,Disagree,Strongly disagree,Agree,Disagree,Strongly disagree,Female,"Undergraduate degree or equivalent (BSc, BA etc.)",2005,United Kingdom
Yes,1,0,0,0,0,0,0,0,0,0,20,Neither agree/disagree,Agree,Disagree,Agree,Agree,Strongly agree,Disagree,Agree,Strongly agree,Agree,Agree,Disagree,Agree,Strongly disagree,NA,NA,Disagree,Agree,Strongly agree,NA,Strongly agree,Agree,Disagree,Agree,Neither agree/disagree,Strongly disagree,Female,"Undergraduate degree or equivalent (BSc, BA etc.)",2003,Americas
Yes,0,0,0,0,0,0,0,0,0,0,5,Neither agree/disagree,Strongly agree,Neither agree/disagree,Agree,Agree,Neither agree/disagree,Agree,Disagree,Agree,Strongly agree,Agree,Disagree,Agree,Agree,Agree,Strongly agree,Strongly disagree,Agree,Disagree,Agree,NA,Agree,Neither agree/disagree,Neither agree/disagree,Strongly agree,Strongly disagree,Male,"Undergraduate degree or equivalent (BSc, BA etc.)",2004,United Kingdom
No,0,0,0,0,0,0,0,0,0,0,0,Neither agree/disagree,Neither agree/disagree,Neither agree/disagree,Neither agree/disagree,Neither agree/disagree,Neither agree/disagree,Neither agree/disagree,Neither agree/disagree,Neither agree/disagree,Neither agree/disagree,Neither agree/disagree,Neither agree/disagree,NA,NA,NA,NA,NA,NA,NA,NA,NA,NA,Neither agree/disagree,Neither agree/disagree,Neither agree/disagree,Neither agree/disagree,Male,"Undergraduate degree or equivalent (BSc, BA etc.)",1995,United Kingdom
Yes,1,0,1,0,0,0,0,0,0,0,2,Neither agree/disagree,Agree,Neither agree/disagree,Strongly agree,Neither agree/disagree,Neither agree/disagree,Neither agree/disagree,Agree,Agree,Strongly disagree,Neither agree/disagree,Strongly disagree,Strongly disagree,Strongly disagree,Strongly disagree,Strongly disagree,Strongly agree,Strongly agree,Strongly agree,Agree,Strongly agree,Strongly disagree,Disagree,Neither agree/disagree,Agree,Disagree,Female,"Undergraduate degree or equivalent (BSc, BA etc.)",2003,United Kingdom
Yes,1,1,0,0,0,0,0,0,0,0,10,Agree,Strongly agree,Agree,Strongly agree,Strongly agree,Disagree,Strongly agree,Strongly agree,Strongly agree,Strongly agree,Strongly agree,Disagree,Strongly agree,Agree,Agree,Agree,Disagree,Strongly agree,Disagree,Strongly agree,Agree,Strongly agree,Strongly agree,Agree,Agree,Agree,Female,"A-level, level 3 or equivalent",2003,United Kingdom
Yes,1,0,0,0,0,0,0,0,0,0,4,Agree,Agree,Agree,Agree,Agree,Neither agree/disagree,Neither agree/disagree,Disagree,Agree,Neither agree/disagree,Disagree,Agree,Agree,Disagree,Disagree,Disagree,NA,Strongly agree,Agree,Strongly agree,Disagree,NA,Neither agree/disagree,Disagree,Strongly disagree,Strongly disagree,Male,"Undergraduate degree or equivalent (BSc, BA etc.)",2004,United Kingdom
Yes,1,0,0,0,0,0,0,0,0,0,5,Disagree,Strongly disagree,Disagree,Strongly disagree,Disagree,Neither agree/disagree,Disagree,Strongly agree,Strongly agree,Disagree,Disagree,Strongly disagree,Strongly disagree,Disagree,NA,NA,Disagree,NA,Strongly agree,Disagree,Strongly agree,NA,Neither agree/disagree,Neither agree/disagree,Neither agree/disagree,Disagree,Female,"GCSE, level 2 or equivalent",2001,Africa
Yes,1,0,0,0,0,0,0,0,0,0,20,Agree,Strongly agree,Neither agree/disagree,Agree,Agree,Disagree,Neither agree/disagree,Agree,Agree,Agree,Agree,Neither agree/disagree,Agree,Disagree,NA,Agree,NA,Agree,Disagree,NA,NA,Strongly agree,Agree,Neither agree/disagree,Neither agree/disagree,Strongly agree,Female,"Postgraduate masters degree or equivalent (MSc, MA, etc.)",2003,Africa
No,0,0,0,0,0,0,0,0,0,0,0,Neither agree/disagree,Strongly disagree,Neither agree/disagree,Neither agree/disagree,Neither agree/disagree,Agree,Agree,Neither agree/disagree,Neither agree/disagree,Neither agree/disagree,Neither agree/disagree,Neither agree/disagree,Strongly disagree,NA,Strongly disagree,Strongly disagree,NA,Agree,Agree,NA,NA,Agree,Neither agree/disagree,Neither agree/disagree,Neither agree/disagree,Neither agree/disagree,Female,"Undergraduate degree or equivalent (BSc, BA etc.)",2004,United Kingdom
Yes,1,0,0,0,0,0,0,0,0,1,2,Neither agree/disagree,Agree,Disagree,Agree,Agree,Neither agree/disagree,Strongly agree,Neither agree/disagree,Strongly agree,Disagree,Agree,Disagree,Agree,NA,NA,Disagree,NA,Strongly agree,Strongly agree,Disagree,Strongly agree,Agree,Disagree,Neither agree/disagree,Agree,Strongly disagree,Female,"Undergraduate degree or equivalent (BSc, BA etc.)",2004,United Kingdom
No,0,0,0,0,0,0,0,0,0,0,0,Agree,Neither agree/disagree,Disagree,Agree,Neither agree/disagree,Strongly agree,Agree,Agree,Agree,Neither agree/disagree,Neither agree/disagree,Neither agree/disagree,Agree,NA,NA,NA,Agree,Strongly agree,Strongly agree,Disagree,NA,Strongly disagree,Disagree,Agree,Agree,Disagree,Female,"Undergraduate degree or equivalent (BSc, BA etc.)",2004,United Kingdom
Yes,1,0,0,0,0,0,0,0,0,0,0,Agree,Neither agree/disagree,Neither agree/disagree,Agree,Neither agree/disagree,Neither agree/disagree,Disagree,Neither agree/disagree,Neither agree/disagree,Disagree,Neither agree/disagree,Disagree,Agree,Disagree,Disagree,Strongly disagree,Disagree,Agree,NA,NA,NA,Agree,Neither agree/disagree,Disagree,Neither agree/disagree,Agree,Male,Medical degree ,2003,Africa
No,0,0,0,0,0,0,0,0,0,0,0,Strongly agree,Agree,Agree,Agree,Disagree,Disagree,Strongly agree,Agree,Agree,Strongly agree,Agree,Agree,Agree,Agree,Agree,Strongly agree,Disagree,Agree,Agree,Strongly agree,Agree,Agree,Agree,Agree,Agree,Disagree,,Graduate Studies تم,NA,Africa
Yes,1,0,0,0,0,0,0,0,0,0,2,Agree,Agree,Neither agree/disagree,Strongly agree,Agree,Neither agree/disagree,Neither agree/disagree,Neither agree/disagree,Agree,Agree,Neither agree/disagree,Disagree,Agree,Agree,NA,Agree,Disagree,Strongly agree,Strongly agree,Strongly agree,Agree,NA,Disagree,Neither agree/disagree,Agree,Agree,Male,"Undergraduate degree or equivalent (BSc, BA etc.)",2003,Africa
Yes,1,0,0,0,0,0,0,0,0,0,17,Strongly agree,Strongly agree,Strongly agree,Strongly agree,Strongly agree,Agree,Disagree,Disagree,Strongly agree,Strongly agree,Neither agree/disagree,Strongly disagree,Strongly agree,NA,Agree,Strongly agree,Strongly agree,Strongly agree,Strongly agree,Strongly agree,Disagree,Strongly agree,Strongly agree,Neither agree/disagree,Disagree,Disagree,Female,,2004,Africa
No,0,0,0,0,0,0,1,0,1,0,3,Agree,Disagree,Neither agree/disagree,Neither agree/disagree,Disagree,Disagree,Agree,Agree,Agree,Agree,Agree,Agree,Agree,NA,Disagree,Disagree,Disagree,Agree,Agree,Agree,Agree,Agree,Agree,Agree,Agree,Disagree,Female,"A-level, level 3 or equivalent",2005,Africa
No,0,0,0,0,1,1,0,0,0,0,3,Agree,Agree,Agree,Neither agree/disagree,Neither agree/disagree,Neither agree/disagree,Agree,Strongly disagree,Neither agree/disagree,Agree,Agree,Agree,Agree,NA,Agree,Agree,Strongly disagree,Agree,NA,Agree,Agree,Agree,Agree,Agree,Agree,Disagree,Female,"A-level, level 3 or equivalent",2005,Africa
Yes,0,0,0,0,0,0,0,0,1,0,3,Disagree,Neither agree/disagree,Agree,Agree,Agree,Agree,Strongly agree,Neither agree/disagree,Agree,Agree,Agree,Neither agree/disagree,Disagree,Agree,Agree,Agree,NA,Agree,Agree,Agree,Agree,Agree,Agree,Agree,Agree,Neither agree/disagree,Female,"A-level, level 3 or equivalent",2005,Other
Yes,1,0,0,0,1,0,0,0,0,1,2,Disagree,Disagree,Disagree,Agree,Agree,Neither agree/disagree,Agree,Agree,Agree,Neither agree/disagree,Neither agree/disagree,Strongly disagree,Agree,Disagree,Disagree,NA,Disagree,NA,Agree,Agree,Strongly agree,NA,Neither agree/disagree,Agree,Disagree,Disagree,Nonbinary,"A-level, level 3 or equivalent",2004,United Kingdom
Yes,1,0,0,1,0,0,0,0,0,0,0,Strongly disagree,Disagree,Disagree,Strongly disagree,Strongly disagree,Strongly disagree,Disagree,Disagree,Strongly disagree,Strongly disagree,Strongly disagree,Strongly disagree,Strongly disagree,NA,NA,NA,NA,NA,NA,NA,NA,NA,Disagree,NA,NA,NA,Female,"A-level, level 3 or equivalent",NA,United Kingdom
No,0,0,0,0,0,0,0,0,0,0,0,Neither agree/disagree,Neither agree/disagree,Neither agree/disagree,Neither agree/disagree,Neither agree/disagree,Agree,Agree,Strongly disagree,Strongly disagree,Strongly disagree,Disagree,Disagree,Strongly disagree,Strongly disagree,Strongly disagree,Strongly disagree,Agree,Agree,Agree,Disagree,NA,NA,Neither agree/disagree,Agree,Strongly disagree,Disagree,Prefer not to say,"Undergraduate degree or equivalent (BSc, BA etc.)",2002,United Kingdom
Yes,1,0,0,0,0,0,0,0,0,0,15,Neither agree/disagree,Agree,Disagree,Agree,Neither agree/disagree,Neither agree/disagree,Neither agree/disagree,Agree,Agree,Agree,Neither agree/disagree,Strongly disagree,Agree,Strongly disagree,Strongly disagree,Agree,Disagree,Strongly agree,Disagree,NA,Strongly agree,NA,Agree,Agree,Disagree,Strongly disagree,Male,"Undergraduate degree or equivalent (BSc, BA etc.)",2004,Isle of Man
Yes,1,1,0,0,0,0,1,0,1,0,31,Agree,Strongly agree,Agree,Strongly agree,Strongly agree,Disagree,Strongly agree,Disagree,Disagree,Strongly agree,Strongly agree,Disagree,Strongly agree,NA,Strongly agree,Strongly agree,Strongly disagree,Strongly agree,Agree,Disagree,Strongly agree,Strongly agree,Agree,Neither agree/disagree,Agree,Agree,Male,"A-level, level 3 or equivalent",2004,Isle of Man
No,0,0,0,0,0,0,0,0,0,0,0,Disagree,Disagree,Disagree,Agree,Agree,Disagree,Agree,Agree,Agree,Disagree,Neither agree/disagree,Disagree,Disagree,Strongly disagree,Disagree,Strongly disagree,NA,Agree,Strongly agree,Agree,NA,NA,Agree,Agree,Disagree,Agree,Male,"Undergraduate degree or equivalent (BSc, BA etc.)",2004,United Kingdom
Yes,1,0,0,0,1,0,0,0,1,0,0,Neither agree/disagree,Agree,Disagree,Strongly agree,Agree,Strongly agree,Strongly agree,Neither agree/disagree,Strongly agree,Agree,Disagree,Strongly disagree,Agree,Strongly disagree,Disagree,Agree,Strongly disagree,Strongly agree,Strongly agree,Strongly disagree,Strongly agree,Agree,Disagree,Strongly agree,Strongly disagree,Strongly disagree,Male,"Undergraduate degree or equivalent (BSc, BA etc.)",1995,Isle of Man
Yes,1,0,0,0,0,0,0,0,0,0,10,Agree,Agree,Agree,Agree,Agree,Agree,Agree,Agree,Agree,Agree,Agree,Disagree,Agree,NA,Agree,Agree,Disagree,Agree,Agree,Disagree,NA,Agree,Neither agree/disagree,Agree,Agree,Neither agree/disagree,Male,"A-level, level 3 or equivalent",2003,Isle of Man
Yes,1,0,0,0,0,0,0,0,0,0,2,Agree,Strongly agree,Agree,Agree,Agree,Strongly agree,Neither agree/disagree,Neither agree/disagree,Neither agree/disagree,Agree,Agree,Disagree,Strongly agree,NA,Strongly disagree,Strongly disagree,NA,Strongly agree,Strongly agree,Disagree,Strongly agree,Agree,Neither agree/disagree,Strongly agree,Neither agree/disagree,Disagree,Male,BTEC HNC or equivalent,2004,Isle of Man
Yes,0,0,0,0,0,0,0,0,0,0,0,Neither agree/disagree,Disagree,Neither agree/disagree,Neither agree/disagree,Neither agree/disagree,Agree,Disagree,Agree,Agree,Agree,Neither agree/disagree,Neither agree/disagree,Disagree,Agree,Disagree,Disagree,Disagree,Strongly agree,Strongly agree,Agree,NA,Agree,Neither agree/disagree,Neither agree/disagree,Disagree,Neither agree/disagree,Male,"Undergraduate degree or equivalent (BSc, BA etc.)",2004,Isle of Man
Yes,1,0,1,0,1,0,0,0,0,0,3,Neither agree/disagree,Disagree,Agree,Agree,Agree,Disagree,Disagree,Disagree,Strongly disagree,Strongly disagree,Disagree,Strongly disagree,Strongly disagree,Disagree,Disagree,Disagree,Strongly disagree,NA,Disagree,Strongly agree,Strongly agree,Strongly agree,Neither agree/disagree,Neither agree/disagree,NA,Neither agree/disagree,Male,BTEC HNC or equivalent,2004,Americas
Yes,1,0,0,0,0,0,0,0,0,0,5,Agree,Agree,Neither agree/disagree,Agree,Strongly agree,Disagree,Neither agree/disagree,Agree,Agree,Agree,Agree,Disagree,Agree,Agree,Agree,NA,Disagree,Strongly agree,Agree,NA,Agree,Disagree,Agree,Neither agree/disagree,Neither agree/disagree,Neither agree/disagree,Male,"Undergraduate degree or equivalent (BSc, BA etc.)",2003,Americas
No,1,0,0,0,0,0,0,0,0,0,0,Agree,Disagree,Neither agree/disagree,Strongly agree,Disagree,Neither agree/disagree,Disagree,Neither agree/disagree,Neither agree/disagree,Disagree,Disagree,Disagree,Disagree,Disagree,Disagree,Disagree,Disagree,Agree,NA,NA,NA,Disagree,Neither agree/disagree,Neither agree/disagree,Strongly disagree,Agree,Male,"Undergraduate degree or equivalent (BSc, BA etc.)",2005,United Kingdom
Yes,1,0,0,0,0,0,0,0,0,0,1,Agree,Agree,Disagree,Strongly agree,Strongly agree,Strongly agree,Agree,Strongly agree,Strongly agree,Agree,Agree,Neither agree/disagree,Agree,Agree,Agree,Strongly agree,Disagree,Strongly agree,Strongly agree,Agree,NA,Strongly disagree,Neither agree/disagree,Agree,Agree,Disagree,Male,"Undergraduate degree or equivalent (BSc, BA etc.)",2003,Isle of Man
Yes,1,1,0,0,0,0,0,0,0,0,1,Neither agree/disagree,Disagree,Disagree,Agree,Agree,Agree,Disagree,Agree,Neither agree/disagree,Neither agree/disagree,Disagree,Disagree,Agree,NA,Disagree,Disagree,NA,Disagree,Strongly agree,Strongly disagree,Agree,NA,Strongly disagree,Agree,Agree,Strongly disagree,Male,,2005,European Union
Yes,1,1,0,0,1,0,0,0,1,1,50,Agree,Strongly agree,Neither agree/disagree,Strongly agree,Strongly agree,Disagree,Strongly agree,Agree,Neither agree/disagree,Agree,Agree,Strongly disagree,Strongly agree,NA,Strongly agree,Agree,Strongly disagree,Agree,Disagree,Agree,Strongly agree,Strongly agree,Neither agree/disagree,Agree,Strongly disagree,Disagree,Male,"Undergraduate degree or equivalent (BSc, BA etc.)",1999,Other
Yes,1,0,0,0,0,0,0,0,0,0,2,Disagree,Agree,Strongly disagree,Strongly agree,Strongly agree,Strongly agree,Neither agree/disagree,Agree,Strongly agree,Agree,Strongly disagree,Strongly disagree,Strongly agree,Agree,Disagree,Agree,Strongly disagree,Strongly agree,Strongly agree,Agree,Agree,Strongly agree,Strongly disagree,Strongly agree,Agree,Strongly disagree,Male,"Undergraduate degree or equivalent (BSc, BA etc.)",2004,Africa
Yes,1,0,0,0,0,0,0,0,1,0,5,Strongly disagree,Agree,Agree,Agree,Agree,Neither agree/disagree,Agree,Strongly agree,Strongly agree,Agree,Agree,Disagree,Agree,NA,Agree,Agree,Disagree,Agree,Agree,Agree,Disagree,Disagree,Neither agree/disagree,Neither agree/disagree,Neither agree/disagree,Disagree,Female,"GCSE, level 2 or equivalent",2005,Other
Yes,1,0,0,0,0,0,0,0,0,0,0,Strongly disagree,Disagree,Disagree,Strongly disagree,Neither agree/disagree,Disagree,Neither agree/disagree,Strongly disagree,Disagree,Disagree,Neither agree/disagree,Disagree,Strongly disagree,Disagree,NA,Disagree,Disagree,NA,Disagree,NA,Strongly disagree,Strongly disagree,Strongly disagree,Neither agree/disagree,Disagree,Neither agree/disagree,Female,"GCSE, level 2 or equivalent",,Africa
Yes,1,0,0,0,0,0,0,0,0,0,3,Strongly disagree,Disagree,Disagree,NA,Disagree,Strongly disagree,Strongly disagree,Neither agree/disagree,Strongly disagree,Strongly disagree,Disagree,Neither agree/disagree,Strongly disagree,NA,Strongly disagree,Strongly disagree,NA,Strongly disagree,Strongly disagree,Disagree,NA,Strongly disagree,Strongly disagree,Disagree,NA,Disagree,Male,,2004,Africa
Yes,1,0,0,0,0,0,0,0,0,0,0,Neither agree/disagree,Strongly agree,Strongly agree,Agree,Agree,Disagree,Disagree,Agree,Agree,Agree,Agree,Strongly disagree,Strongly disagree,Disagree,NA,Agree,Strongly agree,Agree,NA,NA,NA,NA,Agree,Agree,Agree,Agree,Male,"A-level, level 3 or equivalent",2002,Africa
Yes,1,0,0,0,0,0,0,0,0,0,5,Disagree,Strongly disagree,Disagree,Strongly agree,Neither agree/disagree,Strongly disagree,Strongly disagree,Strongly disagree,Agree,Neither agree/disagree,Neither agree/disagree,Strongly disagree,Agree,Strongly disagree,NA,Disagree,Disagree,NA,NA,Disagree,Strongly agree,NA,Neither agree/disagree,Neither agree/disagree,Neither agree/disagree,Disagree,Female,,2004,European Union
Yes,1,1,0,0,0,0,0,0,1,0,5,Neither agree/disagree,Agree,Disagree,Strongly agree,Strongly agree,Agree,Agree,Agree,Agree,Agree,Agree,Strongly disagree,Strongly agree,Agree,Strongly agree,Agree,Disagree,Agree,Disagree,Strongly agree,Agree,NA,Disagree,Agree,Neither agree/disagree,Disagree,Male,"A-level, level 3 or equivalent",2003,Isle of Man
Yes,1,0,0,0,0,0,0,0,1,0,5,Agree,Agree,Agree,Agree,Strongly agree,Strongly agree,Strongly agree,Agree,Agree,Agree,Agree,Strongly disagree,Agree,Disagree,Agree,Disagree,NA,NA,NA,Disagree,NA,Agree,Neither agree/disagree,Agree,NA,Agree,Male,"Undergraduate degree or equivalent (BSc, BA etc.)",2004,European Union
Yes,1,0,0,0,0,0,0,0,0,0,1,Agree,Strongly agree,Agree,Strongly agree,Strongly agree,Strongly agree,Neither agree/disagree,Disagree,Neither agree/disagree,Disagree,Agree,Strongly disagree,Strongly disagree,Strongly disagree,Strongly disagree,Strongly disagree,Disagree,Disagree,Disagree,Strongly disagree,Disagree,Agree,Disagree,Agree,Strongly agree,Strongly disagree,Female,"Undergraduate degree or equivalent (BSc, BA etc.)",2002,Americas
No,0,0,0,0,0,0,0,0,0,0,0,Agree,Disagree,Neither agree/disagree,Neither agree/disagree,Agree,Strongly agree,Agree,Disagree,Disagree,Strongly disagree,Disagree,Disagree,Disagree,Disagree,Disagree,Strongly disagree,Strongly agree,Strongly agree,Strongly agree,Disagree,Agree,Agree,Disagree,Agree,Strongly agree,Strongly disagree,Male,"Undergraduate degree or equivalent (BSc, BA etc.)",1000,United Kingdom
Yes,1,0,0,0,0,0,0,0,0,0,0,Agree,Disagree,Agree,Agree,Agree,Strongly agree,Neither agree/disagree,Disagree,Disagree,Disagree,Strongly disagree,Disagree,Disagree,NA,Disagree,Disagree,NA,Agree,Disagree,Strongly agree,NA,Agree,Disagree,Agree,Strongly agree,Disagree,Male,"Undergraduate degree or equivalent (BSc, BA etc.)",2003,United Kingdom
Yes,1,0,0,0,0,0,0,0,1,0,2,Agree,Disagree,Agree,Strongly agree,Strongly agree,Agree,Strongly agree,Disagree,Disagree,Agree,Strongly agree,Strongly disagree,Strongly agree,Disagree,Disagree,Disagree,Disagree,Agree,Strongly agree,Disagree,Agree,Strongly disagree,Strongly disagree,Strongly agree,Disagree,Strongly disagree,Prefer not to say,"Undergraduate degree or equivalent (BSc, BA etc.)",1999,United Kingdom
No,1,1,0,0,0,0,0,0,0,0,0,Neither agree/disagree,Strongly disagree,Agree,Agree,Strongly disagree,Neither agree/disagree,Neither agree/disagree,Strongly disagree,Strongly disagree,Strongly disagree,Strongly disagree,Neither agree/disagree,Strongly disagree,Strongly disagree,Strongly disagree,Strongly disagree,Agree,Agree,Strongly agree,Agree,NA,Disagree,Neither agree/disagree,Neither agree/disagree,Neither agree/disagree,Neither agree/disagree,Male,"Undergraduate degree or equivalent (BSc, BA etc.)",2004,United Kingdom
Yes,1,1,0,0,0,0,0,0,0,0,1,Agree,Strongly agree,Neither agree/disagree,Strongly agree,Strongly agree,Disagree,Strongly agree,Agree,Agree,Agree,Strongly agree,Strongly disagree,Agree,Strongly disagree,Strongly disagree,NA,Disagree,Agree,Strongly agree,Disagree,Agree,NA,Disagree,Agree,Strongly agree,Neither agree/disagree,Male,"Undergraduate degree or equivalent (BSc, BA etc.)",2001,United Kingdom
Yes,1,0,0,0,0,0,0,0,0,0,1,Agree,Agree,Neither agree/disagree,Strongly agree,Agree,Neither agree/disagree,Neither agree/disagree,Neither agree/disagree,Agree,Neither agree/disagree,Agree,Disagree,Agree,NA,Strongly agree,NA,Strongly disagree,Disagree,Strongly disagree,NA,NA,Agree,Neither agree/disagree,Neither agree/disagree,Agree,Neither agree/disagree,Female,"Undergraduate degree or equivalent (BSc, BA etc.)",2001,United Kingdom
Yes,1,1,0,0,0,0,0,0,0,0,5,Agree,Agree,Agree,Agree,Strongly agree,Neither agree/disagree,Agree,Strongly agree,Strongly agree,Strongly agree,Strongly agree,Strongly disagree,Strongly agree,Strongly agree,Strongly agree,Strongly agree,Strongly disagree,Agree,Agree,Strongly agree,Strongly agree,Strongly agree,Neither agree/disagree,Agree,Strongly agree,Disagree,Male,"Undergraduate degree or equivalent (BSc, BA etc.)",2003,United Kingdom
Yes,0,0,0,0,0,0,0,0,0,0,2,Neither agree/disagree,Disagree,Disagree,Disagree,Disagree,Agree,Agree,Disagree,Disagree,Disagree,Disagree,Neither agree/disagree,Disagree,NA,Disagree,Disagree,Strongly agree,Agree,Agree,NA,Agree,Disagree,Disagree,Agree,Agree,Disagree,Female,"Undergraduate degree or equivalent (BSc, BA etc.)",2003,United Kingdom
Yes,1,1,0,0,0,0,0,0,0,0,2,Agree,Agree,Disagree,Strongly agree,Strongly agree,Neither agree/disagree,Neither agree/disagree,Disagree,Agree,Agree,Neither agree/disagree,Strongly disagree,NA,Agree,Disagree,Disagree,NA,Strongly agree,Strongly agree,Agree,Agree,Agree,Disagree,Agree,Agree,Strongly disagree,Male,"Undergraduate degree or equivalent (BSc, BA etc.)",2005,United Kingdom
Yes,1,0,0,0,0,0,0,0,0,0,1,Agree,Disagree,Neither agree/disagree,Agree,Agree,Strongly agree,Disagree,Agree,Disagree,Disagree,Disagree,Disagree,Disagree,NA,Disagree,Disagree,Agree,Agree,Agree,Agree,Agree,Agree,Disagree,Neither agree/disagree,Strongly disagree,Agree,Male,"Undergraduate degree or equivalent (BSc, BA etc.)",9,United Kingdom
Yes,0,1,0,0,0,0,0,0,0,1,0,Agree,Agree,Neither agree/disagree,Agree,Strongly agree,Strongly agree,Neither agree/disagree,Agree,Strongly agree,Disagree,Disagree,Disagree,NA,NA,Agree,Disagree,Agree,Strongly agree,Strongly agree,Agree,NA,NA,Disagree,Agree,Disagree,Strongly disagree,Male,"Undergraduate degree or equivalent (BSc, BA etc.)",2003,United Kingdom
Yes,1,1,0,0,0,0,0,0,1,0,60,Neither agree/disagree,Agree,Disagree,Strongly agree,Agree,Agree,Agree,Disagree,Agree,Agree,Agree,Disagree,Agree,Disagree,NA,Disagree,Strongly disagree,Agree,Disagree,NA,Strongly agree,Agree,Neither agree/disagree,Neither agree/disagree,Neither agree/disagree,Disagree,Male,"Undergraduate degree or equivalent (BSc, BA etc.)",2002,United Kingdom
Yes,1,0,0,0,0,0,0,1,0,0,0,Neither agree/disagree,Neither agree/disagree,Neither agree/disagree,Neither agree/disagree,Neither agree/disagree,Strongly disagree,Disagree,Disagree,Disagree,Neither agree/disagree,Neither agree/disagree,Strongly disagree,NA,NA,Disagree,NA,Disagree,NA,Strongly disagree,Disagree,Disagree,NA,Strongly disagree,Disagree,Disagree,Strongly disagree,Female,"Undergraduate degree or equivalent (BSc, BA etc.)",2001,United Kingdom
Yes,1,0,0,0,0,0,0,0,0,0,0,Strongly disagree,Disagree,Neither agree/disagree,Agree,Agree,Agree,Neither agree/disagree,Disagree,Disagree,Disagree,Strongly disagree,Strongly disagree,Strongly disagree,Disagree,Strongly disagree,Strongly disagree,Agree,Agree,Disagree,Agree,Agree,Agree,Neither agree/disagree,Agree,Disagree,Disagree,Male,"Undergraduate degree or equivalent (BSc, BA etc.)",2004,United Kingdom
No,0,0,0,0,0,0,0,0,0,0,0,Neither agree/disagree,Neither agree/disagree,Agree,Neither agree/disagree,Neither agree/disagree,Neither agree/disagree,Neither agree/disagree,NA,Disagree,Disagree,Neither agree/disagree,Neither agree/disagree,NA,NA,NA,NA,NA,Strongly agree,NA,Strongly agree,NA,NA,Agree,Agree,Disagree,Disagree,Female,"Undergraduate degree or equivalent (BSc, BA etc.)",,United Kingdom
No,0,0,0,0,0,0,0,0,0,0,0,Disagree,Strongly disagree,Disagree,Agree,Agree,Strongly agree,Agree,Neither agree/disagree,Neither agree/disagree,Strongly disagree,Disagree,Disagree,Disagree,Strongly disagree,Disagree,Disagree,Strongly agree,Agree,Agree,Agree,NA,Disagree,Disagree,Agree,Strongly disagree,Disagree,Male,"Undergraduate degree or equivalent (BSc, BA etc.)",2003,United Kingdom
No,0,0,0,0,0,0,0,0,0,0,0,Neither agree/disagree,Neither agree/disagree,Neither agree/disagree,Neither agree/disagree,Neither agree/disagree,NA,Neither agree/disagree,Neither agree/disagree,Neither agree/disagree,Neither agree/disagree,Neither agree/disagree,Neither agree/disagree,NA,Disagree,NA,NA,Strongly disagree,NA,NA,NA,NA,Disagree,Disagree,Strongly disagree,Neither agree/disagree,Disagree,Female,"Undergraduate degree or equivalent (BSc, BA etc.)",2004,United Kingdom
Yes,1,0,0,0,0,0,0,0,0,0,3,Neither agree/disagree,Agree,Neither agree/disagree,Agree,Agree,Agree,Agree,Neither agree/disagree,Agree,Agree,Agree,Disagree,NA,Disagree,Agree,NA,Disagree,Strongly agree,Agree,NA,Agree,NA,Neither agree/disagree,Neither agree/disagree,Disagree,Disagree,Male,"Undergraduate degree or equivalent (BSc, BA etc.)",2004,United Kingdom
No,0,0,0,0,0,0,0,0,0,0,0,Disagree,Disagree,Disagree,Agree,Agree,Agree,Strongly agree,Neither agree/disagree,Neither agree/disagree,Strongly disagree,Disagree,Disagree,Agree,Disagree,Disagree,Disagree,Agree,Agree,Agree,Agree,Agree,NA,Disagree,Agree,Disagree,Disagree,Male,"Undergraduate degree or equivalent (BSc, BA etc.)",2004,United Kingdom
Yes,1,0,0,0,1,0,0,0,0,0,100,Agree,Agree,Neither agree/disagree,Strongly agree,Strongly agree,Agree,Agree,Agree,Agree,Agree,Agree,Strongly disagree,Strongly agree,NA,Agree,Agree,Strongly disagree,Strongly agree,Agree,Strongly agree,Agree,Strongly agree,Agree,Strongly agree,Agree,Strongly disagree,Male,"Undergraduate degree or equivalent (BSc, BA etc.)",1994,Asia
Yes,0,0,0,0,0,0,0,0,1,0,0,Agree,Neither agree/disagree,Disagree,Agree,Neither agree/disagree,Strongly agree,Strongly agree,Agree,Neither agree/disagree,Agree,Neither agree/disagree,Strongly disagree,Agree,Disagree,NA,Strongly disagree,NA,Strongly agree,Agree,Strongly agree,Agree,Agree,Strongly disagree,Agree,Neither agree/disagree,Disagree,Female,"Undergraduate degree or equivalent (BSc, BA etc.)",2004,United Kingdom
No,0,0,0,0,0,0,0,0,0,0,0,Neither agree/disagree,Neither agree/disagree,Disagree,Agree,Neither agree/disagree,Agree,Agree,Neither agree/disagree,Neither agree/disagree,Disagree,Disagree,Disagree,Disagree,NA,Disagree,Disagree,NA,Agree,Agree,Agree,NA,NA,Disagree,Agree,Neither agree/disagree,Neither agree/disagree,Female,"Undergraduate degree or equivalent (BSc, BA etc.)",2004,United Kingdom
Yes,1,0,0,0,0,0,0,0,0,0,3,Agree,Disagree,Agree,Agree,Agree,Disagree,Neither agree/disagree,Agree,Agree,Agree,Agree,Disagree,Agree,NA,Agree,Disagree,Disagree,Agree,NA,Agree,Agree,Agree,Neither agree/disagree,Agree,Agree,Neither agree/disagree,Male,"Undergraduate degree or equivalent (BSc, BA etc.)",2004,United Kingdom
Yes,1,0,0,0,0,0,0,0,0,0,2,Agree,Neither agree/disagree,Agree,Disagree,Neither agree/disagree,Strongly agree,Agree,Neither agree/disagree,Agree,Agree,Agree,Agree,Agree,NA,Disagree,Agree,NA,Agree,Agree,NA,Agree,Agree,Disagree,Strongly agree,Agree,Strongly disagree,Male,"Undergraduate degree or equivalent (BSc, BA etc.)",1974,Americas
No,0,0,0,0,0,0,0,0,0,0,0,Neither agree/disagree,Neither agree/disagree,Disagree,Neither agree/disagree,Neither agree/disagree,Disagree,Agree,Neither agree/disagree,Neither agree/disagree,Neither agree/disagree,Neither agree/disagree,Neither agree/disagree,Disagree,Disagree,NA,Disagree,NA,Agree,Agree,Agree,NA,Agree,Agree,Neither agree/disagree,Neither agree/disagree,Neither agree/disagree,Male,"Undergraduate degree or equivalent (BSc, BA etc.)",2004,United Kingdom
Yes,1,0,0,0,0,0,0,0,0,0,5,Agree,Agree,Neither agree/disagree,Agree,Agree,Agree,Agree,Disagree,Disagree,Neither agree/disagree,Agree,Disagree,Agree,Disagree,Agree,NA,Agree,Agree,NA,Agree,Agree,Agree,Agree,Disagree,Strongly disagree,Disagree,Male,"Undergraduate degree or equivalent (BSc, BA etc.)",,United Kingdom
Yes,1,0,0,0,0,0,0,0,0,0,15,Agree,Strongly agree,Neither agree/disagree,Strongly agree,Strongly agree,Disagree,Agree,Strongly agree,Strongly agree,Strongly agree,Agree,Strongly disagree,Disagree,Disagree,Strongly disagree,Agree,Strongly disagree,Strongly agree,Disagree,Agree,NA,Agree,Agree,Agree,Strongly agree,Disagree,Female,"Undergraduate degree or equivalent (BSc, BA etc.)",2001,Americas
Yes,1,0,0,0,0,0,0,0,0,0,20,Neither agree/disagree,Disagree,Disagree,Strongly agree,Agree,Disagree,Strongly disagree,Agree,Neither agree/disagree,Agree,Neither agree/disagree,Strongly disagree,Agree,Disagree,Disagree,Strongly disagree,Disagree,Strongly agree,NA,NA,Agree,Disagree,Disagree,Neither agree/disagree,Disagree,Disagree,Female,"Undergraduate degree or equivalent (BSc, BA etc.)",2000,Other
Yes,1,0,0,0,0,0,0,0,0,0,10,Neither agree/disagree,Agree,Neither agree/disagree,Strongly agree,Strongly agree,Strongly agree,Agree,Neither agree/disagree,Strongly agree,Agree,Neither agree/disagree,Disagree,Disagree,Disagree,Agree,Disagree,Disagree,Strongly agree,Strongly agree,Strongly agree,Strongly agree,Agree,Neither agree/disagree,Agree,Disagree,Strongly disagree,Female,"Undergraduate degree or equivalent (BSc, BA etc.)",2000,European Union
Yes,1,0,0,0,0,0,0,0,0,0,5,Agree,Agree,Agree,Strongly agree,Strongly agree,Neither agree/disagree,Neither agree/disagree,Agree,Strongly agree,Strongly agree,Strongly agree,Strongly disagree,Strongly agree,Disagree,Disagree,Agree,Strongly disagree,Strongly agree,Agree,NA,Agree,Strongly agree,Strongly agree,Neither agree/disagree,Disagree,Disagree,Female,"Postgraduate masters degree or equivalent (MSc, MA, etc.)",2000,Other
No,0,0,0,0,0,0,0,0,0,0,0,Neither agree/disagree,Strongly disagree,Disagree,Neither agree/disagree,Neither agree/disagree,Strongly disagree,Neither agree/disagree,Agree,Agree,Neither agree/disagree,Neither agree/disagree,Neither agree/disagree,Strongly disagree,NA,Strongly disagree,Strongly disagree,Disagree,Agree,NA,Strongly agree,NA,Agree,Disagree,Strongly agree,Neither agree/disagree,Disagree,Male,"Undergraduate degree or equivalent (BSc, BA etc.)",1999,European Union
Yes,1,0,0,0,0,0,0,0,0,0,1,Strongly agree,Strongly agree,Agree,Strongly agree,Strongly agree,Neither agree/disagree,Disagree,Neither agree/disagree,Strongly agree,Strongly agree,Agree,Strongly disagree,Strongly agree,Strongly disagree,Strongly agree,Agree,Disagree,Strongly agree,Agree,Disagree,Disagree,Strongly agree,Agree,Disagree,Strongly disagree,Agree,Female,"Undergraduate degree or equivalent (BSc, BA etc.)",2003,United Kingdom
Yes,1,0,0,0,1,0,0,0,0,0,5,Agree,Agree,Agree,Agree,Agree,Neither agree/disagree,Disagree,Disagree,Agree,Agree,Agree,Disagree,Agree,Strongly disagree,Disagree,Agree,Disagree,Strongly agree,NA,Disagree,Agree,Agree,Neither agree/disagree,Agree,Strongly disagree,Disagree,Female,"Undergraduate degree or equivalent (BSc, BA etc.)",2000,Americas
No,0,0,0,0,0,0,0,0,0,0,0,Neither agree/disagree,Neither agree/disagree,Neither agree/disagree,Neither agree/disagree,Neither agree/disagree,Agree,Neither agree/disagree,Neither agree/disagree,Neither agree/disagree,Neither agree/disagree,Neither agree/disagree,Neither agree/disagree,NA,NA,NA,NA,NA,NA,Agree,NA,NA,NA,Strongly disagree,Strongly agree,Strongly agree,Strongly disagree,Female,"Undergraduate degree or equivalent (BSc, BA etc.)",2000,Americas
Yes,1,0,0,0,1,0,0,0,1,0,14,Disagree,Neither agree/disagree,Neither agree/disagree,Disagree,Neither agree/disagree,Agree,Neither agree/disagree,Neither agree/disagree,Neither agree/disagree,Disagree,Agree,Disagree,Disagree,NA,Disagree,Disagree,Disagree,Strongly disagree,Disagree,Strongly disagree,Disagree,Strongly disagree,Strongly agree,Strongly agree,Strongly agree,Strongly agree,Prefer not to say,"A-level, level 3 or equivalent",2003,United Kingdom
Yes,1,1,0,0,0,0,0,0,0,0,2,Disagree,Agree,Agree,Strongly agree,Strongly agree,Strongly disagree,Agree,Agree,Agree,Strongly disagree,Disagree,Disagree,Agree,Disagree,Agree,Disagree,Disagree,Strongly agree,Agree,Agree,Agree,Agree,Strongly disagree,Strongly agree,Strongly disagree,Strongly disagree,Male,"Undergraduate degree or equivalent (BSc, BA etc.)",2004,United Kingdom
No,0,0,0,0,0,0,0,0,0,0,0,Neither agree/disagree,Neither agree/disagree,Neither agree/disagree,Neither agree/disagree,Neither agree/disagree,Neither agree/disagree,Neither agree/disagree,Neither agree/disagree,Neither agree/disagree,Neither agree/disagree,Neither agree/disagree,Neither agree/disagree,Strongly disagree,Strongly disagree,Strongly disagree,Strongly disagree,NA,NA,NA,NA,NA,NA,Neither agree/disagree,Agree,Neither agree/disagree,Neither agree/disagree,Female,"A-level, level 3 or equivalent",2003,United Kingdom
No,0,0,0,0,0,0,0,0,0,0,0,Neither agree/disagree,Strongly disagree,Disagree,Disagree,Disagree,Agree,Agree,Disagree,Agree,Strongly disagree,Disagree,Agree,Strongly disagree,Strongly disagree,Strongly disagree,Strongly disagree,Strongly disagree,Strongly agree,NA,NA,Agree,NA,Strongly disagree,Strongly agree,Strongly disagree,Strongly disagree,Male,"A-level, level 3 or equivalent",2003,United Kingdom
Yes,1,1,0,0,1,0,0,0,0,0,3,Neither agree/disagree,Neither agree/disagree,Disagree,Strongly agree,Agree,Disagree,Disagree,Disagree,Strongly disagree,Strongly disagree,Disagree,Disagree,NA,Strongly disagree,Strongly disagree,Strongly disagree,Disagree,Disagree,NA,Strongly disagree,Agree,NA,Disagree,Disagree,Strongly disagree,Neither agree/disagree,Male,"A-level, level 3 or equivalent",,United Kingdom
Yes,1,0,0,0,0,0,0,0,1,0,1,Neither agree/disagree,Agree,Neither agree/disagree,Agree,Agree,Agree,Neither agree/disagree,Neither agree/disagree,Neither agree/disagree,Agree,Agree,Strongly disagree,Agree,NA,Agree,Agree,Disagree,Strongly agree,Strongly agree,Strongly disagree,Agree,Agree,Agree,Neither agree/disagree,Agree,Neither agree/disagree,Male,"Undergraduate degree or equivalent (BSc, BA etc.)",2002,United Kingdom
Yes,1,0,0,0,0,0,0,0,0,0,0,Neither agree/disagree,Agree,Neither agree/disagree,Agree,Agree,Agree,Neither agree/disagree,Neither agree/disagree,Neither agree/disagree,Agree,Agree,Disagree,NA,Agree,NA,Agree,Disagree,Agree,Strongly agree,NA,NA,Agree,Agree,Agree,Neither agree/disagree,Agree,Male,"A-level, level 3 or equivalent",2002,United Kingdom
Yes,1,0,0,0,0,0,0,0,0,0,1,Agree,Agree,Agree,Strongly agree,Agree,Neither agree/disagree,Neither agree/disagree,Neither agree/disagree,Agree,Neither agree/disagree,Neither agree/disagree,Strongly disagree,NA,Disagree,Disagree,Disagree,Disagree,Agree,NA,Agree,Agree,NA,Disagree,Agree,Neither agree/disagree,Disagree,Male,"Undergraduate degree or equivalent (BSc, BA etc.)",2002,United Kingdom
Yes,1,0,0,0,0,0,0,0,0,0,0,Disagree,Disagree,Strongly disagree,Neither agree/disagree,Strongly disagree,Disagree,Neither agree/disagree,Strongly disagree,Disagree,Disagree,Neither agree/disagree,Disagree,Strongly disagree,Disagree,NA,Disagree,Disagree,Disagree,NA,Strongly disagree,Disagree,Disagree,Disagree,Strongly disagree,Neither agree/disagree,Neither agree/disagree,Female,"A-level, level 3 or equivalent",2004,United Kingdom
Yes,1,0,0,0,0,0,0,0,0,0,1,Neither agree/disagree,Strongly disagree,Neither agree/disagree,Strongly disagree,Neither agree/disagree,Neither agree/disagree,Disagree,Neither agree/disagree,Strongly disagree,Neither agree/disagree,Strongly disagree,Neither agree/disagree,Agree,NA,Agree,Agree,NA,Agree,Agree,Agree,NA,Agree,Neither agree/disagree,Neither agree/disagree,Agree,Agree,Male,"Undergraduate degree or equivalent (BSc, BA etc.)",2002,United Kingdom
No,1,0,1,0,0,0,0,0,1,0,0,Neither agree/disagree,Neither agree/disagree,Neither agree/disagree,Neither agree/disagree,Neither agree/disagree,Neither agree/disagree,Neither agree/disagree,Neither agree/disagree,Neither agree/disagree,Neither agree/disagree,Neither agree/disagree,Neither agree/disagree,Disagree,NA,NA,Agree,Agree,Agree,Agree,NA,NA,Agree,Neither agree/disagree,Neither agree/disagree,Disagree,Neither agree/disagree,Male,"Undergraduate degree or equivalent (BSc, BA etc.)",20205,United Kingdom
Yes,1,0,0,0,0,1,0,0,0,0,10,Agree,Neither agree/disagree,Agree,Agree,Neither agree/disagree,Agree,Agree,Agree,Neither agree/disagree,Agree,Agree,Neither agree/disagree,Agree,NA,Agree,Agree,Agree,Agree,Agree,Agree,Agree,Agree,Neither agree/disagree,Agree,Agree,Agree,Male,"Undergraduate degree or equivalent (BSc, BA etc.)",2005,United Kingdom
No,0,0,0,0,0,0,0,0,0,0,0,Agree,Neither agree/disagree,Agree,Agree,Neither agree/disagree,Agree,Agree,Agree,Agree,Neither agree/disagree,Agree,Disagree,Agree,NA,NA,NA,Disagree,Strongly agree,Strongly agree,NA,Agree,Agree,Disagree,Agree,Neither agree/disagree,Neither agree/disagree,Male,"Undergraduate degree or equivalent (BSc, BA etc.)",2003,United Kingdom
No,1,0,0,0,0,0,0,0,0,0,1,Disagree,Agree,Disagree,Disagree,Strongly agree,Neither agree/disagree,Disagree,Neither agree/disagree,Agree,Disagree,Strongly disagree,Neither agree/disagree,Disagree,Strongly disagree,Disagree,Agree,Strongly agree,Agree,Agree,NA,NA,Agree,Agree,Agree,Neither agree/disagree,Agree,Male,"A-level, level 3 or equivalent",2003,United Kingdom
Yes,1,0,0,0,0,0,0,0,0,0,0,Disagree,Neither agree/disagree,Disagree,Agree,Neither agree/disagree,Agree,Agree,Strongly disagree,Agree,Neither agree/disagree,Neither agree/disagree,Strongly disagree,Strongly disagree,Disagree,Disagree,Disagree,NA,Agree,Agree,NA,NA,Agree,Strongly disagree,Strongly disagree,Neither agree/disagree,Disagree,Prefer not to say,"Undergraduate degree or equivalent (BSc, BA etc.)",1987,Other
Yes,1,0,0,0,0,0,0,0,0,0,3,Agree,Agree,Disagree,Agree,Agree,Disagree,Agree,Neither agree/disagree,Agree,Agree,Agree,Disagree,Agree,NA,NA,NA,Disagree,Agree,Agree,Agree,Agree,Agree,Neither agree/disagree,Disagree,Agree,Neither agree/disagree,Male,"Undergraduate degree or equivalent (BSc, BA etc.)",2004,Asia
Yes,1,0,0,0,0,0,0,0,1,0,1,Agree,Agree,Agree,Agree,Neither agree/disagree,Disagree,Agree,Agree,Agree,Agree,Agree,Disagree,Agree,Disagree,NA,Disagree,NA,Agree,NA,Strongly agree,NA,NA,Neither agree/disagree,Agree,Strongly disagree,Disagree,Male,"Undergraduate degree or equivalent (BSc, BA etc.)",2004,United Kingdom
Yes,1,0,0,0,0,0,0,0,0,0,2,Agree,Neither agree/disagree,Agree,Agree,Agree,Strongly agree,Strongly agree,Agree,Agree,Neither agree/disagree,Agree,Disagree,NA,NA,Disagree,Strongly disagree,Disagree,Agree,NA,NA,Disagree,Agree,Strongly disagree,Strongly agree,Neither agree/disagree,Strongly disagree,Male,"Undergraduate degree or equivalent (BSc, BA etc.)",2003+AQ173,United Kingdom
No,0,0,0,0,0,0,0,0,0,0,0,Neither agree/disagree,Neither agree/disagree,Neither agree/disagree,Neither agree/disagree,Neither agree/disagree,Agree,Agree,Agree,Agree,Strongly disagree,Disagree,Neither agree/disagree,Disagree,NA,Disagree,Disagree,Disagree,Agree,NA,Agree,NA,NA,Disagree,Agree,Agree,Disagree,Female,"Undergraduate degree or equivalent (BSc, BA etc.)",2002,United Kingdom
Yes,1,0,0,0,0,0,0,0,0,0,0,Neither agree/disagree,Disagree,Neither agree/disagree,Agree,Agree,Strongly disagree,Strongly disagree,Disagree,Disagree,Neither agree/disagree,Disagree,Disagree,Strongly disagree,Disagree,NA,Disagree,NA,Strongly agree,Agree,Strongly disagree,Agree,Strongly agree,Neither agree/disagree,Neither agree/disagree,Strongly agree,Neither agree/disagree,Male,"Undergraduate degree or equivalent (BSc, BA etc.)",2003,United Kingdom
Yes,1,0,0,0,0,0,0,0,0,0,1,Neither agree/disagree,Agree,Neither agree/disagree,Agree,Neither agree/disagree,Strongly agree,Agree,Agree,Agree,Disagree,Neither agree/disagree,Agree,NA,Disagree,Disagree,Disagree,Agree,Strongly agree,Strongly agree,Agree,NA,Agree,Disagree,Strongly agree,Neither agree/disagree,Disagree,Female,"Undergraduate degree or equivalent (BSc, BA etc.)",2001,United Kingdom
Yes,1,0,0,0,0,0,0,0,0,0,2,Agree,Neither agree/disagree,Agree,Agree,Agree,Strongly agree,Strongly agree,Strongly agree,Strongly agree,Agree,Agree,Neither agree/disagree,Agree,Disagree,Agree,Agree,Agree,Agree,Disagree,NA,Strongly disagree,Strongly agree,Neither agree/disagree,Neither agree/disagree,Agree,Neither agree/disagree,Female,"Undergraduate degree or equivalent (BSc, BA etc.)",2003,United Kingdom
No,0,0,0,0,0,0,0,0,0,0,0,Neither agree/disagree,Neither agree/disagree,Neither agree/disagree,Disagree,Neither agree/disagree,Agree,Neither agree/disagree,Agree,Strongly agree,Neither agree/disagree,Neither agree/disagree,Agree,Disagree,Agree,Disagree,Disagree,NA,Agree,Agree,Disagree,NA,Strongly agree,Strongly disagree,Agree,Strongly disagree,Disagree,Female,"Undergraduate degree or equivalent (BSc, BA etc.)",2003,United Kingdom
Yes,1,0,0,0,0,0,0,0,0,0,5,Agree,Agree,Neither agree/disagree,Strongly agree,Strongly agree,Disagree,Strongly agree,Strongly agree,Strongly agree,Strongly agree,Agree,Disagree,NA,Strongly agree,Strongly disagree,Agree,NA,Strongly agree,NA,Agree,NA,Agree,Neither agree/disagree,Strongly agree,Neither agree/disagree,Disagree,Male,"A-level, level 3 or equivalent",2004,United Kingdom
Yes,1,0,0,0,0,0,0,0,0,0,2,Disagree,Agree,Strongly disagree,Agree,Agree,Strongly disagree,Agree,Neither agree/disagree,Agree,Strongly agree,Agree,Disagree,Agree,Strongly disagree,Agree,NA,Strongly disagree,Agree,Disagree,Disagree,Agree,Agree,Neither agree/disagree,Neither agree/disagree,Agree,Neither agree/disagree,Female,"Undergraduate degree or equivalent (BSc, BA etc.)",1200,United Kingdom
Yes,1,0,0,0,0,0,0,0,1,0,10,Neither agree/disagree,Agree,Agree,Strongly agree,Neither agree/disagree,Strongly agree,Strongly agree,Disagree,Disagree,Disagree,Neither agree/disagree,Disagree,Disagree,Agree,Disagree,Strongly disagree,NA,Strongly agree,Strongly agree,Strongly disagree,Agree,Strongly agree,Strongly disagree,Strongly agree,Strongly agree,Strongly disagree,Male,"Undergraduate degree or equivalent (BSc, BA etc.)",2004,United Kingdom
Yes,1,0,0,0,0,0,0,0,1,0,9,Disagree,Agree,Neither agree/disagree,Agree,Strongly agree,Disagree,Neither agree/disagree,Neither agree/disagree,Disagree,Agree,Disagree,Neither agree/disagree,Agree,Disagree,Strongly agree,Disagree,NA,Agree,Agree,Disagree,Agree,NA,Neither agree/disagree,Neither agree/disagree,Neither agree/disagree,Neither agree/disagree,Female,"Undergraduate degree or equivalent (BSc, BA etc.)",2004,United Kingdom
Yes,1,1,0,0,1,0,0,1,1,0,15,Agree,Strongly agree,Neither agree/disagree,Agree,Strongly agree,Agree,Strongly agree,Strongly agree,Strongly agree,Strongly agree,Strongly agree,Disagree,Strongly agree,Agree,Strongly agree,Strongly agree,Strongly disagree,Strongly agree,Agree,Agree,Strongly agree,Strongly agree,Neither agree/disagree,Neither agree/disagree,Neither agree/disagree,Disagree,Male,"Undergraduate degree or equivalent (BSc, BA etc.)",1,United Kingdom
Yes,1,1,0,0,0,0,0,0,1,0,12,Disagree,Agree,Disagree,Agree,Strongly agree,Neither agree/disagree,Agree,Agree,Agree,Agree,Agree,Strongly disagree,Strongly agree,NA,Agree,Strongly disagree,Disagree,Agree,Agree,Agree,Agree,Disagree,Neither agree/disagree,Agree,Disagree,Disagree,Male,"Undergraduate degree or equivalent (BSc, BA etc.)",2004,United Kingdom
Yes,1,1,0,0,0,0,0,0,0,0,2,NA,Agree,Disagree,Agree,Strongly agree,Agree,Agree,Agree,Neither agree/disagree,Neither agree/disagree,Neither agree/disagree,Disagree,Strongly agree,NA,Agree,Disagree,Disagree,Strongly agree,Agree,Agree,Strongly agree,NA,Neither agree/disagree,Strongly agree,Agree,Strongly disagree,Male,"Undergraduate degree or equivalent (BSc, BA etc.)",2001,United Kingdom
Yes,1,0,0,0,0,0,0,0,0,0,1,Neither agree/disagree,Agree,Neither agree/disagree,Agree,Neither agree/disagree,Agree,Neither agree/disagree,Neither agree/disagree,Neither agree/disagree,Neither agree/disagree,Neither agree/disagree,Disagree,NA,NA,Agree,NA,Disagree,NA,NA,Agree,NA,NA,Neither agree/disagree,Neither agree/disagree,Neither agree/disagree,Neither agree/disagree,Male,"A-level, level 3 or equivalent",2002,Asia
No,0,0,0,0,0,0,0,0,0,0,0,Neither agree/disagree,Neither agree/disagree,Disagree,Agree,Neither agree/disagree,Agree,Agree,Neither agree/disagree,Disagree,Neither agree/disagree,Neither agree/disagree,Disagree,NA,Disagree,Disagree,Disagree,NA,Agree,NA,NA,NA,NA,Disagree,Agree,Strongly disagree,Disagree,Male,"Undergraduate degree or equivalent (BSc, BA etc.)",2004,United Kingdom
Yes,1,0,0,0,1,0,0,0,1,0,5,Neither agree/disagree,Neither agree/disagree,Strongly disagree,Agree,Agree,Strongly agree,Strongly agree,Strongly agree,Strongly agree,Agree,Neither agree/disagree,Disagree,NA,Strongly disagree,Disagree,Disagree,NA,Strongly agree,Strongly agree,Strongly agree,Strongly agree,Strongly agree,Disagree,Strongly agree,Neither agree/disagree,Strongly disagree,Male,"A-level, level 3 or equivalent",2000,Asia
Yes,1,0,0,0,0,0,0,0,0,0,1,Neither agree/disagree,Agree,Disagree,Agree,Neither agree/disagree,Agree,Agree,Agree,Agree,Disagree,Neither agree/disagree,Disagree,Disagree,Disagree,Agree,Disagree,NA,Agree,NA,Agree,NA,Agree,Neither agree/disagree,Agree,Neither agree/disagree,Neither agree/disagree,Female,"Undergraduate degree or equivalent (BSc, BA etc.)",2003,United Kingdom
Yes,1,0,0,0,0,0,0,0,0,0,0,Neither agree/disagree,Strongly disagree,Neither agree/disagree,Disagree,Disagree,Neither agree/disagree,Disagree,Disagree,Disagree,Neither agree/disagree,Neither agree/disagree,Disagree,Disagree,Strongly disagree,Disagree,Disagree,Disagree,Strongly disagree,Disagree,Strongly disagree,Strongly disagree,Disagree,Disagree,Strongly disagree,Disagree,Neither agree/disagree,Female,"Postgraduate masters degree or equivalent (MSc, MA, etc.)",1996,United Kingdom
Yes,1,0,0,0,0,0,0,0,0,1,10,Strongly agree,Agree,Neither agree/disagree,Neither agree/disagree,Neither agree/disagree,Strongly agree,Strongly agree,Agree,Agree,Agree,Disagree,Agree,Agree,NA,Disagree,Disagree,Strongly disagree,Strongly agree,Strongly agree,Strongly agree,NA,Strongly agree,Disagree,Strongly agree,Agree,Strongly disagree,Female,"Undergraduate degree or equivalent (BSc, BA etc.)",2001,United Kingdom
No,0,0,0,0,0,0,0,0,0,0,0,Agree,Strongly disagree,Agree,Neither agree/disagree,Neither agree/disagree,Agree,Agree,Agree,Neither agree/disagree,Strongly disagree,Agree,Neither agree/disagree,NA,Agree,NA,Disagree,Strongly agree,Agree,Strongly agree,Disagree,Agree,Agree,Disagree,Agree,Agree,Strongly disagree,Male,"Undergraduate degree or equivalent (BSc, BA etc.)",2002,United Kingdom
No,0,0,0,0,0,0,0,0,0,0,0,Disagree,Strongly disagree,Disagree,Neither agree/disagree,Neither agree/disagree,Strongly disagree,Neither agree/disagree,Agree,Agree,Neither agree/disagree,Disagree,Disagree,Strongly disagree,Disagree,Disagree,Strongly disagree,Agree,Agree,NA,Agree,NA,Agree,Disagree,Agree,Neither agree/disagree,Strongly disagree,,,NA,
Yes,1,0,0,0,0,0,0,0,0,0,2,Strongly disagree,Strongly disagree,Strongly disagree,Strongly disagree,Strongly disagree,Strongly disagree,Strongly disagree,Strongly disagree,Strongly disagree,Strongly disagree,Strongly disagree,Strongly disagree,Strongly disagree,Strongly disagree,Strongly disagree,Strongly disagree,Strongly disagree,Strongly disagree,Strongly disagree,Strongly disagree,Strongly disagree,Strongly disagree,Strongly disagree,Strongly disagree,Strongly disagree,Strongly disagree,Male,"GCSE, level 2 or equivalent",2007,United Kingdom
Yes,1,0,0,0,0,0,0,0,0,0,90,Agree,Agree,Neither agree/disagree,Agree,Agree,Neither agree/disagree,Neither agree/disagree,Agree,Agree,Strongly agree,Agree,Neither agree/disagree,Agree,Agree,Agree,Agree,Disagree,NA,NA,NA,Agree,NA,Agree,Agree,Strongly agree,Disagree,Male,"Undergraduate degree or equivalent (BSc, BA etc.)",2000,Asia
Yes,1,0,0,0,0,0,0,0,0,0,10,Strongly disagree,Strongly disagree,Strongly disagree,Strongly disagree,Strongly disagree,Strongly disagree,Strongly disagree,Strongly disagree,Strongly disagree,Strongly disagree,Strongly disagree,Strongly disagree,Strongly agree,Strongly agree,Strongly agree,Strongly agree,Strongly agree,Strongly agree,Strongly agree,Strongly agree,Strongly agree,Strongly agree,Strongly agree,Strongly agree,Strongly agree,Strongly agree,Male,"Undergraduate degree or equivalent (BSc, BA etc.)",2002,Asia
No,0,0,0,0,0,0,0,0,0,0,0,Strongly disagree,Strongly disagree,Strongly disagree,Neither agree/disagree,Neither agree/disagree,Strongly agree,Strongly agree,Agree,Neither agree/disagree,Strongly disagree,Strongly disagree,Neither agree/disagree,Strongly disagree,NA,Strongly disagree,Strongly disagree,Agree,Agree,Strongly agree,NA,NA,NA,Strongly disagree,Strongly agree,Disagree,Strongly disagree,Female,"Undergraduate degree or equivalent (BSc, BA etc.)",2000,United Kingdom
Yes,1,0,0,0,0,0,0,0,0,0,1,Agree,Neither agree/disagree,Neither agree/disagree,Agree,Agree,Neither agree/disagree,Neither agree/disagree,Agree,Agree,Disagree,Disagree,Neither agree/disagree,Agree,Strongly disagree,Disagree,Disagree,Agree,Agree,Disagree,Strongly agree,Strongly agree,NA,Agree,Agree,Neither agree/disagree,Agree,Male,BTEC HNC or equivalent,,United Kingdom
No,0,0,0,0,0,0,0,0,0,0,0,Neither agree/disagree,Neither agree/disagree,Neither agree/disagree,Strongly disagree,Strongly disagree,Strongly disagree,Strongly disagree,Strongly disagree,Disagree,Disagree,Disagree,Disagree,Disagree,Disagree,Disagree,Disagree,Strongly disagree,Strongly disagree,Strongly disagree,NA,NA,Disagree,Disagree,Strongly disagree,Neither agree/disagree,Disagree,Female,"Undergraduate degree or equivalent (BSc, BA etc.)",2004,United Kingdom
Yes,1,0,0,0,0,0,0,0,0,0,10,Neither agree/disagree,Strongly disagree,Disagree,Strongly disagree,Strongly disagree,Strongly disagree,Strongly disagree,Strongly disagree,Strongly disagree,Disagree,Strongly disagree,Disagree,NA,Disagree,Disagree,Strongly disagree,Disagree,Strongly disagree,Strongly disagree,Strongly disagree,Strongly disagree,Strongly disagree,Neither agree/disagree,Strongly disagree,Neither agree/disagree,Disagree,Male,"Undergraduate degree or equivalent (BSc, BA etc.)",1399,United Kingdom
No,0,0,0,0,0,0,0,0,0,0,0,Disagree,Strongly disagree,Agree,Agree,Neither agree/disagree,Neither agree/disagree,Neither agree/disagree,Agree,Agree,Strongly disagree,Neither agree/disagree,Strongly disagree,Strongly disagree,NA,Agree,Strongly disagree,NA,Strongly agree,NA,Strongly agree,NA,Agree,Disagree,Strongly agree,Neither agree/disagree,Disagree,Female,"A-level, level 3 or equivalent",2003,United Kingdom
Yes,1,0,0,0,0,0,0,0,0,0,3,Neither agree/disagree,Neither agree/disagree,Neither agree/disagree,Neither agree/disagree,Neither agree/disagree,Neither agree/disagree,Neither agree/disagree,Neither agree/disagree,Neither agree/disagree,Neither agree/disagree,Neither agree/disagree,NA,NA,Disagree,NA,Disagree,NA,NA,NA,Agree,NA,NA,Neither agree/disagree,Strongly disagree,Neither agree/disagree,Disagree,Male,"Undergraduate degree or equivalent (BSc, BA etc.)",2004,United Kingdom
Yes,1,0,0,0,0,0,0,0,0,0,0,Agree,Strongly agree,Strongly agree,Strongly agree,Strongly agree,Disagree,Strongly disagree,Disagree,Strongly agree,Agree,Disagree,Strongly disagree,Disagree,Disagree,Agree,Agree,Disagree,Disagree,Agree,Agree,Agree,Agree,Agree,Disagree,Strongly disagree,Strongly disagree,Female,"A-level, level 3 or equivalent",2004,United Kingdom
Yes,1,0,0,0,0,0,0,0,0,0,12,Agree,Agree,Agree,Strongly agree,Agree,Neither agree/disagree,Agree,Agree,Agree,NA,Agree,Disagree,Agree,NA,Disagree,NA,Strongly disagree,Disagree,Disagree,Disagree,Strongly disagree,Disagree,Agree,Agree,Agree,Agree,Male,"Undergraduate degree or equivalent (BSc, BA etc.)",,United Kingdom
No,0,0,0,0,0,0,0,0,0,0,0,Neither agree/disagree,Strongly disagree,Strongly disagree,Strongly disagree,Strongly disagree,Neither agree/disagree,Agree,Agree,Agree,Strongly disagree,Strongly disagree,Neither agree/disagree,Strongly disagree,NA,Disagree,Disagree,NA,Agree,NA,Agree,NA,NA,Strongly disagree,Neither agree/disagree,Neither agree/disagree,Neither agree/disagree,Male,"Undergraduate degree or equivalent (BSc, BA etc.)",2003,United Kingdom
Yes,1,0,0,0,0,0,0,0,0,0,6,Agree,Agree,Agree,Strongly agree,Agree,Neither agree/disagree,Neither agree/disagree,Neither agree/disagree,Strongly agree,Agree,Neither agree/disagree,Disagree,Strongly agree,NA,Agree,NA,Disagree,Strongly agree,Strongly agree,Strongly agree,NA,NA,Disagree,Agree,Agree,Disagree,Female,"Undergraduate degree or equivalent (BSc, BA etc.)",2003,United Kingdom
No,0,0,0,0,0,0,0,0,0,0,0,Neither agree/disagree,Strongly disagree,Strongly disagree,Neither agree/disagree,Neither agree/disagree,Neither agree/disagree,Strongly disagree,Neither agree/disagree,Neither agree/disagree,Strongly disagree,Strongly disagree,Neither agree/disagree,Strongly disagree,Strongly disagree,Strongly disagree,Strongly disagree,NA,NA,NA,Agree,NA,NA,Neither agree/disagree,Strongly agree,Strongly disagree,Disagree,Female,"Undergraduate degree or equivalent (BSc, BA etc.)",999,Americas
Yes,1,1,0,0,0,0,0,0,1,0,15,Disagree,Agree,Strongly disagree,Strongly agree,Neither agree/disagree,Disagree,Agree,Strongly disagree,Strongly agree,Strongly agree,Neither agree/disagree,Strongly disagree,NA,Disagree,Disagree,Agree,Disagree,Strongly agree,Disagree,Strongly agree,Strongly agree,Strongly agree,Disagree,Agree,Neither agree/disagree,Neither agree/disagree,Male,"Undergraduate degree or equivalent (BSc, BA etc.)",2003,United Kingdom
Yes,1,1,0,0,0,0,0,0,0,0,6,Strongly agree,Strongly agree,Agree,Strongly disagree,Strongly agree,Neither agree/disagree,Neither agree/disagree,Strongly agree,Agree,Agree,Agree,Strongly disagree,Agree,NA,Agree,Agree,Strongly disagree,Agree,Agree,Strongly agree,Disagree,Strongly agree,Agree,Disagree,Neither agree/disagree,Neither agree/disagree,Male,"Undergraduate degree or equivalent (BSc, BA etc.)",2003,Africa
Yes,1,1,0,0,1,0,0,0,1,0,8,Agree,Agree,Neither agree/disagree,Strongly agree,Agree,Agree,Strongly agree,Disagree,Strongly agree,Strongly agree,Strongly agree,Disagree,Agree,Agree,NA,NA,Disagree,Strongly agree,Strongly agree,NA,Strongly agree,Agree,Strongly disagree,Strongly agree,Strongly agree,Strongly disagree,Male,BTEC HNC or equivalent,2003,Africa
Yes,1,0,0,0,0,0,0,0,0,0,0,Agree,Agree,Neither agree/disagree,Strongly agree,Neither agree/disagree,Strongly agree,Agree,Neither agree/disagree,Agree,Disagree,Neither agree/disagree,Strongly disagree,Agree,Disagree,Disagree,Disagree,Strongly disagree,Agree,NA,Disagree,Agree,Agree,Disagree,Agree,Agree,Strongly disagree,Male,"Undergraduate degree or equivalent (BSc, BA etc.)",1999,United Kingdom
Yes,1,0,0,0,0,0,0,0,1,0,1,Agree,Strongly agree,Neither agree/disagree,Strongly agree,Strongly agree,Disagree,Agree,Strongly agree,Strongly agree,Agree,Agree,Strongly disagree,Agree,NA,Agree,Agree,Disagree,Agree,Disagree,NA,Agree,NA,Neither agree/disagree,Agree,Agree,Neither agree/disagree,Male,"Undergraduate degree or equivalent (BSc, BA etc.)",2001,United Kingdom
Yes,1,0,0,0,1,0,0,0,1,0,15,Agree,Agree,Neither agree/disagree,Agree,Agree,Strongly agree,Strongly agree,Agree,Strongly agree,Strongly agree,Strongly agree,Strongly disagree,Agree,Agree,Strongly agree,Strongly agree,Disagree,Strongly agree,Agree,Strongly agree,Agree,Strongly agree,Agree,Strongly agree,Agree,Disagree,Male,,2003,Other
Yes,1,0,0,0,0,0,0,0,0,0,0,Neither agree/disagree,Agree,Disagree,Strongly agree,Agree,Strongly agree,Strongly agree,Disagree,Strongly agree,Neither agree/disagree,Disagree,Disagree,Disagree,NA,Strongly disagree,Strongly disagree,Disagree,NA,Strongly agree,Agree,Agree,Agree,Disagree,Agree,Neither agree/disagree,Strongly disagree,Male,MBChB,2003,Africa
Yes,1,0,0,0,1,1,0,0,1,0,6,Agree,Strongly agree,Neither agree/disagree,Strongly agree,Strongly agree,Neither agree/disagree,Neither agree/disagree,Strongly agree,Strongly agree,Strongly agree,Strongly agree,Strongly disagree,Agree,Strongly disagree,Disagree,Strongly disagree,Strongly disagree,Strongly agree,Agree,Agree,Strongly agree,Agree,Strongly agree,Neither agree/disagree,Neither agree/disagree,Neither agree/disagree,Male,"Undergraduate degree or equivalent (BSc, BA etc.)",2003,Africa
Yes,1,0,0,0,0,0,0,0,0,0,8,Agree,Agree,Neither agree/disagree,Agree,Agree,Disagree,Strongly disagree,Agree,Agree,Agree,Agree,Disagree,Agree,NA,Agree,Agree,Disagree,Strongly agree,Strongly agree,Agree,Disagree,Strongly agree,Neither agree/disagree,Neither agree/disagree,Neither agree/disagree,Neither agree/disagree,Female,"Undergraduate degree or equivalent (BSc, BA etc.)",2004,United Kingdom
Yes,1,0,0,0,0,0,0,0,1,0,7,Agree,Agree,Neither agree/disagree,Agree,Agree,Agree,Disagree,Agree,Agree,Agree,Neither agree/disagree,Disagree,NA,NA,Disagree,Agree,Disagree,Strongly agree,Agree,Agree,Agree,Agree,Agree,Agree,Strongly disagree,Disagree,Male,"Undergraduate degree or equivalent (BSc, BA etc.)",2004,United Kingdom
No,0,0,0,0,0,0,0,0,0,0,0,Neither agree/disagree,Strongly disagree,Disagree,Neither agree/disagree,Neither agree/disagree,Neither agree/disagree,Disagree,Disagree,Neither agree/disagree,Strongly disagree,Strongly disagree,Neither agree/disagree,Strongly disagree,Disagree,Strongly disagree,Strongly disagree,Agree,Disagree,Strongly agree,NA,NA,Strongly disagree,Disagree,Agree,Agree,Disagree,Male,"Undergraduate degree or equivalent (BSc, BA etc.)",2004,United Kingdom
Yes,1,0,0,0,0,0,0,0,0,0,4,Agree,Agree,Neither agree/disagree,Agree,Agree,Disagree,Neither agree/disagree,Strongly agree,Strongly agree,Agree,Neither agree/disagree,Disagree,Agree,NA,Disagree,NA,Disagree,Strongly agree,Strongly agree,Agree,Strongly agree,Agree,Neither agree/disagree,Neither agree/disagree,Disagree,Neither agree/disagree,Male,"Undergraduate degree or equivalent (BSc, BA etc.)",2003,Africa
Yes,1,0,0,0,0,0,0,0,0,0,3,Agree,Strongly agree,Neither agree/disagree,Neither agree/disagree,Neither agree/disagree,Agree,Agree,Agree,Agree,Neither agree/disagree,Disagree,Disagree,Agree,Agree,NA,Disagree,Disagree,Strongly agree,Strongly agree,Strongly agree,NA,Strongly agree,Strongly disagree,Strongly agree,Agree,Strongly disagree,Female,"Undergraduate degree or equivalent (BSc, BA etc.)",,United Kingdom
Yes,1,0,0,0,0,0,0,0,0,0,5,Agree,Agree,Neither agree/disagree,Neither agree/disagree,Neither agree/disagree,Strongly agree,Agree,Agree,Agree,Neither agree/disagree,Disagree,Neither agree/disagree,Agree,Agree,NA,NA,Disagree,Strongly agree,Strongly agree,Strongly agree,NA,Strongly agree,Agree,Strongly agree,Agree,Strongly disagree,Female,"Undergraduate degree or equivalent (BSc, BA etc.)",2001,United Kingdom
Yes,1,0,0,0,0,0,0,0,0,0,0,Disagree,Agree,Disagree,Agree,Neither agree/disagree,Strongly agree,Strongly disagree,Neither agree/disagree,Agree,Strongly disagree,Strongly disagree,Strongly disagree,Strongly disagree,Strongly disagree,Strongly disagree,Strongly disagree,Strongly agree,Strongly agree,Strongly agree,Strongly agree,NA,Strongly disagree,Strongly disagree,Strongly disagree,Agree,Strongly disagree,Female,"Undergraduate degree or equivalent (BSc, BA etc.)",2000,European Union
Yes,1,0,0,0,0,0,0,0,0,0,0,Neither agree/disagree,Agree,Neither agree/disagree,Agree,Strongly agree,Agree,Agree,Agree,Neither agree/disagree,Neither agree/disagree,Neither agree/disagree,Neither agree/disagree,Disagree,Disagree,Disagree,Disagree,Disagree,Agree,Agree,NA,NA,NA,Strongly disagree,Agree,Strongly agree,Disagree,Male,"A-level, level 3 or equivalent",2007,United Kingdom
No,0,0,0,0,0,0,0,0,0,0,0,Disagree,Strongly disagree,Strongly disagree,Neither agree/disagree,Neither agree/disagree,Agree,Neither agree/disagree,Agree,Agree,Strongly disagree,Disagree,Neither agree/disagree,Disagree,NA,Disagree,Disagree,NA,Agree,Agree,NA,NA,Agree,Agree,Agree,Neither agree/disagree,Disagree,Female,"Undergraduate degree or equivalent (BSc, BA etc.)",2004,United Kingdom
Yes,1,0,0,0,0,0,0,0,0,0,1,Agree,Agree,Neither agree/disagree,Strongly agree,Agree,Neither agree/disagree,Strongly agree,Neither agree/disagree,Agree,Disagree,Neither agree/disagree,Neither agree/disagree,Agree,NA,NA,Agree,Strongly disagree,Strongly agree,Strongly agree,Agree,Disagree,NA,Disagree,Strongly agree,Strongly agree,Neither agree/disagree,Female,"Undergraduate degree or equivalent (BSc, BA etc.)",2004,United Kingdom
Yes,1,0,0,0,1,0,0,0,1,0,3,Agree,Agree,Agree,Neither agree/disagree,Neither agree/disagree,Neither agree/disagree,Agree,Strongly agree,Strongly agree,Neither agree/disagree,Agree,Disagree,Agree,Disagree,Disagree,Disagree,Disagree,Agree,Disagree,Agree,Agree,NA,Neither agree/disagree,Agree,Disagree,Disagree,Male,"Undergraduate degree or equivalent (BSc, BA etc.)",2004,United Kingdom
Yes,1,0,0,0,0,0,0,0,0,0,3,Agree,Agree,Neither agree/disagree,Agree,Agree,Neither agree/disagree,Disagree,Disagree,Agree,Agree,Disagree,Disagree,Agree,NA,Agree,Agree,Disagree,Agree,Agree,Agree,Disagree,NA,Neither agree/disagree,Strongly agree,Neither agree/disagree,Disagree,Female,"A-level, level 3 or equivalent",2007,United Kingdom
Yes,0,0,0,0,0,0,0,0,0,0,3,Neither agree/disagree,Agree,Disagree,Agree,Neither agree/disagree,Disagree,Disagree,Agree,Neither agree/disagree,Agree,Disagree,Disagree,Agree,Agree,Disagree,Disagree,Strongly disagree,Strongly agree,NA,Agree,Disagree,Strongly agree,Agree,Agree,Neither agree/disagree,Disagree,Male,"GCSE, level 2 or equivalent",,United Kingdom
Yes,1,0,0,0,0,0,0,0,0,0,47,Strongly disagree,Strongly disagree,Strongly disagree,Strongly disagree,Strongly disagree,Strongly agree,Strongly disagree,Strongly agree,Neither agree/disagree,Strongly disagree,Strongly disagree,NA,Strongly disagree,Strongly disagree,Strongly disagree,Strongly disagree,Strongly agree,Strongly agree,Strongly agree,Disagree,Strongly disagree,Strongly disagree,Strongly disagree,Strongly agree,Strongly agree,Strongly disagree,Prefer not to say,"Undergraduate degree or equivalent (BSc, BA etc.)",1999,United Kingdom
Yes,1,0,0,0,0,0,0,0,0,0,1,Agree,Neither agree/disagree,Neither agree/disagree,Strongly agree,Neither agree/disagree,Disagree,Strongly agree,Strongly agree,Agree,Neither agree/disagree,Neither agree/disagree,Strongly disagree,Disagree,Strongly disagree,Disagree,Disagree,Disagree,Agree,Disagree,Agree,Agree,NA,Disagree,Strongly agree,Disagree,Agree,Male,"Undergraduate degree or equivalent (BSc, BA etc.)",2003,United Kingdom
Yes,1,0,0,0,0,0,0,0,0,0,7,Agree,Strongly agree,Disagree,Neither agree/disagree,Agree,Strongly agree,Disagree,Agree,Agree,Neither agree/disagree,Neither agree/disagree,Disagree,Agree,Disagree,Agree,Strongly agree,Strongly disagree,Strongly agree,NA,Strongly agree,NA,Strongly agree,Neither agree/disagree,Strongly agree,Strongly disagree,Neither agree/disagree,Female,"Undergraduate degree or equivalent (BSc, BA etc.)",2002,United Kingdom
Yes,1,0,0,0,0,0,0,0,0,1,4,Disagree,Agree,Neither agree/disagree,Agree,Strongly agree,Agree,Agree,Agree,Agree,Agree,Agree,Disagree,Agree,Agree,Agree,Agree,Disagree,Strongly agree,Disagree,NA,NA,Agree,Agree,Neither agree/disagree,Disagree,Agree,Male,"Undergraduate degree or equivalent (BSc, BA etc.)",2003,United Kingdom
Yes,1,0,0,0,1,0,0,0,0,0,2,Disagree,Neither agree/disagree,Disagree,Neither agree/disagree,Neither agree/disagree,Agree,Agree,Agree,Neither agree/disagree,Disagree,Disagree,Disagree,NA,Strongly disagree,Disagree,Disagree,Agree,Agree,Strongly disagree,Agree,Agree,Disagree,Disagree,Strongly agree,Neither agree/disagree,Disagree,Male,"Undergraduate degree or equivalent (BSc, BA etc.)",2003,United Kingdom
Yes,1,0,0,0,0,0,0,0,0,0,3,Agree,Strongly agree,Strongly agree,Strongly agree,Strongly agree,Strongly agree,Strongly agree,Strongly agree,Strongly agree,Strongly agree,Strongly agree,Strongly agree,Agree,Agree,Agree,Agree,Agree,Agree,Agree,Agree,Agree,Agree,Neither agree/disagree,Disagree,Agree,Strongly agree,Male,"Undergraduate degree or equivalent (BSc, BA etc.)",2004,United Kingdom
No,0,0,0,0,0,0,0,0,0,0,0,Neither agree/disagree,Disagree,Disagree,Agree,Agree,Agree,Agree,Neither agree/disagree,Neither agree/disagree,Strongly disagree,Disagree,Strongly disagree,Disagree,NA,Disagree,Disagree,NA,Strongly agree,Strongly agree,Agree,Agree,NA,Neither agree/disagree,Agree,Disagree,Disagree,Male,"Undergraduate degree or equivalent (BSc, BA etc.)",2004,United Kingdom
No,0,0,0,0,0,0,0,0,0,0,0,Disagree,Disagree,Disagree,Neither agree/disagree,Neither agree/disagree,Strongly agree,Strongly disagree,Agree,Agree,Strongly disagree,Strongly disagree,Disagree,Strongly disagree,NA,Disagree,Strongly disagree,Strongly disagree,NA,Agree,Agree,NA,Disagree,Disagree,Strongly agree,Agree,Strongly disagree,Female,"Undergraduate degree or equivalent (BSc, BA etc.)",1999,United Kingdom
Yes,1,0,0,0,0,0,0,0,0,0,2,Neither agree/disagree,Agree,Disagree,Neither agree/disagree,Neither agree/disagree,Strongly agree,Strongly agree,Agree,Strongly agree,Neither agree/disagree,Neither agree/disagree,Neither agree/disagree,Agree,NA,Agree,NA,NA,Agree,Agree,NA,Agree,NA,Neither agree/disagree,Agree,Agree,Strongly disagree,Female,"Undergraduate degree or equivalent (BSc, BA etc.)",,United Kingdom
No,0,0,0,0,0,0,0,0,0,0,0,Neither agree/disagree,Neither agree/disagree,Disagree,Agree,Agree,Agree,Agree,Neither agree/disagree,Disagree,Strongly disagree,Disagree,Disagree,Agree,Disagree,Strongly disagree,Strongly disagree,Agree,Strongly agree,Strongly agree,NA,NA,Disagree,Disagree,Strongly agree,Strongly disagree,Strongly disagree,Male,"Undergraduate degree or equivalent (BSc, BA etc.)",1995,United Kingdom
Yes,1,0,0,0,0,0,0,0,0,0,2,Neither agree/disagree,Neither agree/disagree,Neither agree/disagree,Agree,Agree,Agree,Strongly agree,Disagree,Neither agree/disagree,Disagree,Disagree,Agree,Disagree,Disagree,Disagree,Disagree,Agree,Strongly agree,NA,Agree,NA,Strongly agree,Neither agree/disagree,Agree,Disagree,Disagree,Male,"Undergraduate degree or equivalent (BSc, BA etc.)",1988,United Kingdom
,,,,,,,,,,,,,,,,,,,,,,,,,,,,,,,,,,,,,,,,,
,"note: 0 means ""no"", a 1 means ""yes""",,,,,,,,,,,,,,,,,,,,,,,,,,,,,,,,,,,,,,,,